time,stock_code,current_price,volume,prev_day_high,ma5,rsi14,disparity,stoch_k,stoch_d,vol_ratio,z_vol,obv_delta,spread,bid_ask_imbalance,accel_delta,ret_1s,ask1,ask2,ask3,ask4,ask5,bid1,bid2,bid3,bid4,bid5,ask1_qty,ask2_qty,ask3_qty,ask4_qty,ask5_qty,bid1_qty,bid2_qty,indiv_net_vol,foreign_net_vol,inst_net_vol,pension_net_vol,trust_net_vol,insurance_net_vol,private_fund_net_vol,bank_net_vol,state_net_vol,other_net_vol,prog_net_vol
143937339,000660,258750.0,2046882,0.0,0.0,50.0,100.0,50.0,50.0,1.0,0.0,0.0,0.0,0.0,0.0,0.0,0.0,0.0,0.0,0.0,0.0,0.0,0.0,0.0,0.0,0.0,0,0,0,0,0,0,0,0.0,0.0,0.0,0.0,0.0,0.0,0.0,0.0,0.0,0.0,0.0
143937340,000660,258750.0,2047418,0.0,0.0,50.0,100.0,50.0,50.0,1.0,0.0,0.0,0.0,0.0,0.0,0.0,0.0,0.0,0.0,0.0,0.0,0.0,0.0,0.0,0.0,0.0,0,0,0,0,0,0,0,0.0,0.0,0.0,0.0,0.0,0.0,0.0,0.0,0.0,0.0,0.0
143937341,000660,259000.0,2047598,0.0,0.0,50.0,100.0,50.0,50.0,1.0,0.0,2047598.0,0.0,0.0,250.0,0.0,0.0,0.0,0.0,0.0,0.0,0.0,0.0,0.0,0.0,0.0,0,0,0,0,0,0,0,0.0,0.0,0.0,0.0,0.0,0.0,0.0,0.0,0.0,0.0,0.0
143937779,000660,258750.0,2047599,0.0,0.0,50.0,100.0,50.0,50.0,1.0,0.0,-2047599.0,0.0,0.0,-500.0,0.0,0.0,0.0,0.0,0.0,0.0,0.0,0.0,0.0,0.0,0.0,0,0,0,0,0,0,0,0.0,0.0,0.0,0.0,0.0,0.0,0.0,0.0,0.0,0.0,0.0
143937780,000660,258750.0,2047602,0.0,258800.0,50.0,99.9806800618238,50.0,50.0,1.0,0.0,0.0,0.0,0.0,250.0,0.0,0.0,0.0,0.0,0.0,0.0,0.0,0.0,0.0,0.0,0.0,0,0,0,0,0,0,0,0.0,0.0,0.0,0.0,0.0,0.0,0.0,0.0,0.0,0.0,0.0
143937784,000660,259000.0,2047603,0.0,258850.0,50.0,100.05794861889126,50.0,50.0,1.0,0.0,2047603.0,0.0,0.0,250.0,0.0,0.0,0.0,0.0,0.0,0.0,0.0,0.0,0.0,0.0,0.0,0,0,0,0,0,0,0,0.0,0.0,0.0,0.0,0.0,0.0,0.0,0.0,0.0,0.0,0.0
143938235,000660,259000.0,2047899,0.0,258900.0,50.0,100.0386249517188,50.0,50.0,1.0,0.0,0.0,0.0,0.0,-250.0,0.0,0.0,0.0,0.0,0.0,0.0,0.0,0.0,0.0,0.0,0.0,0,0,0,0,0,0,0,0.0,0.0,0.0,0.0,0.0,0.0,0.0,0.0,0.0,0.0,0.0
143938515,000660,258750.0,2047902,0.0,258850.0,50.0,99.96136758740583,50.0,50.0,1.0,0.0,-2047902.0,0.0,0.0,-250.0,-0.09652509652509653,0.0,0.0,0.0,0.0,0.0,0.0,0.0,0.0,0.0,0.0,0,0,0,0,0,0,0,0.0,0.0,0.0,0.0,0.0,0.0,0.0,0.0,0.0,0.0,0.0
143940322,000660,259000.0,2047903,0.0,258900.0,50.0,100.0386249517188,50.0,50.0,1.0,0.0,2047903.0,0.0,0.0,500.0,0.0966183574879227,0.0,0.0,0.0,0.0,0.0,0.0,0.0,0.0,0.0,0.0,0,0,0,0,0,0,0,0.0,0.0,0.0,0.0,0.0,0.0,0.0,0.0,0.0,0.0,0.0
143940823,000660,259000.0,2047904,0.0,258950.0,50.0,100.01930874686234,50.0,50.0,1.0,0.9080417502995507,0.0,0.0,0.0,-250.0,0.0966183574879227,0.0,0.0,0.0,0.0,0.0,0.0,0.0,0.0,0.0,0.0,0,0,0,0,0,0,0,0.0,0.0,0.0,0.0,0.0,0.0,0.0,0.0,0.0,0.0,0.0
143940824,000660,259000.0,2047905,0.0,258950.0,50.0,100.01930874686234,50.0,50.0,1.0,0.8378967465214991,0.0,0.0,0.0,0.0,0.0966183574879227,0.0,0.0,0.0,0.0,0.0,0.0,0.0,0.0,0.0,0.0,0,0,0,0,0,0,0,0.0,0.0,0.0,0.0,0.0,0.0,0.0,0.0,0.0,0.0,0.0
143943221,000660,259000.0,2047918,0.0,258950.0,50.0,100.01930874686234,50.0,50.0,1.0,0.8180163298972752,0.0,0.0,0.0,0.0,0.0,0.0,0.0,0.0,0.0,0.0,0.0,0.0,0.0,0.0,0.0,0,0,0,0,0,0,0,0.0,0.0,0.0,0.0,0.0,0.0,0.0,0.0,0.0,0.0,0.0
143943834,000660,259000.0,2047920,0.0,259000.0,50.0,100.0,50.0,50.0,1.0,0.7725108220941834,0.0,0.0,0.0,0.0,0.0,0.0,0.0,0.0,0.0,0.0,0.0,0.0,0.0,0.0,0.0,0,0,0,0,0,0,0,0.0,0.0,0.0,0.0,0.0,0.0,0.0,0.0,0.0,0.0,0.0
143943928,000660,259000.0,2047922,0.0,259000.0,50.0,100.0,60.0,50.0,1.0,0.735284474551977,0.0,0.0,0.0,0.0,0.0,0.0,0.0,0.0,0.0,0.0,0.0,0.0,0.0,0.0,0.0,0,0,0,0,0,0,0,0.0,0.0,0.0,0.0,0.0,0.0,0.0,0.0,0.0,0.0,0.0
143943928,000660,259000.0,2047924,0.0,259000.0,60.0,100.0,60.0,50.0,1.0,0.7043141068477272,0.0,0.0,0.0,0.0,0.0,0.0,0.0,0.0,0.0,0.0,0.0,0.0,0.0,0.0,0.0,0,0,0,0,0,0,0,0.0,0.0,0.0,0.0,0.0,0.0,0.0,0.0,0.0,0.0,0.0
143943929,000660,259000.0,2047927,0.0,259000.0,60.0,100.0,60.0,60.0,1.0,0.6815105758296853,0.0,0.0,0.0,0.0,0.0,0.0,0.0,0.0,0.0,0.0,0.0,0.0,0.0,0.0,0.0,0,0,0,0,0,0,0,0.0,0.0,0.0,0.0,0.0,0.0,0.0,0.0,0.0,0.0,0.0
143943930,000660,259000.0,2047930,0.0,259000.0,50.0,100.0,60.0,60.0,1.0,0.6624441773819367,0.0,0.0,0.0,0.0,0.0,0.0,0.0,0.0,0.0,0.0,0.0,0.0,0.0,0.0,0.0,0,0,0,0,0,0,0,0.0,0.0,0.0,0.0,0.0,0.0,0.0,0.0,0.0,0.0,0.0
143943931,000660,259000.0,2047953,0.0,259000.0,66.66666666666666,100.0,60.0,60.0,1.0,0.7151938525901911,0.0,0.0,0.0,0.0,0.0,0.0,0.0,0.0,0.0,0.0,0.0,0.0,0.0,0.0,0.0,0,0,0,0,0,0,0,0.0,0.0,0.0,0.0,0.0,0.0,0.0,0.0,0.0,0.0,0.0
143944348,000660,259000.0,2048022,0.0,259000.0,66.66666666666666,100.0,60.0,60.0,1.0,0.9243344047763432,0.0,0.0,0.0,0.0,0.0,0.0,0.0,0.0,0.0,0.0,0.0,0.0,0.0,0.0,0.0,0,0,0,0,0,0,0,0.0,0.0,0.0,0.0,0.0,0.0,0.0,0.0,0.0,0.0,0.0
143944625,000660,259000.0,2048027,0.0,259000.0,50.0,100.0,60.0,60.0,1.0,0.8994100984503615,0.0,0.0,0.0,0.0,0.0,0.0,0.0,0.0,0.0,0.0,0.0,0.0,0.0,0.0,0.0,0,0,0,0,0,0,0,0.0,0.0,0.0,0.0,0.0,0.0,0.0,0.0,0.0,0.0,0.0
143944626,000660,258750.0,2048029,0.0,258950.0,33.33333333333333,99.92276501255068,55.00000000000001,58.333333333333336,1.0,0.8682361416167166,-2048029.0,0.0,0.0,-250.0,-0.09652509652509653,0.0,0.0,0.0,0.0,0.0,0.0,0.0,0.0,0.0,0.0,0,0,0,0,0,0,0,0.0,0.0,0.0,0.0,0.0,0.0,0.0,0.0,0.0,0.0,0.0
143944734,000660,259000.0,2048062,0.0,258950.0,66.66666666666666,100.01930874686234,60.0,58.333333333333336,1.0,0.9491467327337885,2048062.0,0.0,0.0,500.0,0.0,0.0,0.0,0.0,0.0,0.0,0.0,0.0,0.0,0.0,0.0,0,0,0,0,0,0,0,0.0,0.0,0.0,0.0,0.0,0.0,0.0,0.0,0.0,0.0,0.0
143944829,000660,258750.0,2048064,0.0,258900.0,33.33333333333333,99.94206257242179,55.00000000000001,56.666666666666664,1.0,0.9176093531812687,-2048064.0,0.0,0.0,-500.0,-0.09652509652509653,0.0,0.0,0.0,0.0,0.0,0.0,0.0,0.0,0.0,0.0,0,0,0,0,0,0,0,0.0,0.0,0.0,0.0,0.0,0.0,0.0,0.0,0.0,0.0,0.0
143944921,000660,259000.0,2048089,0.0,258900.0,50.0,100.0386249517188,60.0,58.333333333333336,1.0,0.970688854250274,2048089.0,0.0,0.0,500.0,0.0,0.0,0.0,0.0,0.0,0.0,0.0,0.0,0.0,0.0,0.0,0,0,0,0,0,0,0,0.0,0.0,0.0,0.0,0.0,0.0,0.0,0.0,0.0,0.0,0.0
143945528,000660,259000.0,2048091,0.0,258900.0,50.0,100.0386249517188,60.0,58.333333333333336,1.0,0.9406830125428838,0.0,0.0,0.0,-250.0,0.0,0.0,0.0,0.0,0.0,0.0,0.0,0.0,0.0,0.0,0.0,0,0,0,0,0,0,0,0.0,0.0,0.0,0.0,0.0,0.0,0.0,0.0,0.0,0.0,0.0
143946620,000660,259000.0,2048191,0.0,258950.0,50.0,100.01930874686234,60.0,60.0,1.0,1.2540343551070905,0.0,0.0,0.0,0.0,0.0,0.0,0.0,0.0,0.0,0.0,0.0,0.0,0.0,0.0,0.0,0,0,0,0,0,0,0,0.0,0.0,0.0,0.0,0.0,0.0,0.0,0.0,0.0,0.0,0.0
143946930,000660,259000.0,2048201,0.0,258950.0,50.0,100.01930874686234,60.0,60.0,1.0,1.2300160106542821,0.0,0.0,0.0,0.0,0.0,0.0,0.0,0.0,0.0,0.0,0.0,0.0,0.0,0.0,0.0,0,0,0,0,0,0,0,0.0,0.0,0.0,0.0,0.0,0.0,0.0,0.0,0.0,0.0,0.0
143947025,000660,259000.0,2048248,0.0,259000.0,50.0,100.0,60.0,60.0,1.0,1.333099028961729,0.0,0.0,0.0,0.0,0.0,0.0,0.0,0.0,0.0,0.0,0.0,0.0,0.0,0.0,0.0,0,0,0,0,0,0,0,0.0,0.0,0.0,0.0,0.0,0.0,0.0,0.0,0.0,0.0,0.0
143947229,000660,259000.0,2048254,0.0,259000.0,50.0,100.0,60.0,60.0,1.0,1.2912158620422056,0.0,0.0,0.0,0.0,0.0,0.0,0.0,0.0,0.0,0.0,0.0,0.0,0.0,0.0,0.0,0,0,0,0,0,0,0,0.0,0.0,0.0,0.0,0.0,0.0,0.0,0.0,0.0,0.0,0.0
143947928,000660,259000.0,2048284,0.0,259000.0,50.0,100.0,60.0,60.0,1.0,1.3331018784756268,0.0,0.0,0.0,0.0,0.0,0.0,0.0,0.0,0.0,0.0,0.0,0.0,0.0,0.0,0.0,0,0,0,0,0,0,0,0.0,0.0,0.0,0.0,0.0,0.0,0.0,0.0,0.0,0.0,0.0
143948023,000660,259000.0,2048288,0.0,259000.0,50.0,100.0,60.0,60.0,1.0,1.2882325460652868,0.0,0.0,0.0,0.0,0.0,0.0,0.0,0.0,0.0,0.0,0.0,0.0,0.0,0.0,0.0,0,0,0,0,0,0,0,0.0,0.0,0.0,0.0,0.0,0.0,0.0,0.0,0.0,0.0,0.0
143948223,000660,259000.0,2048289,0.0,259000.0,50.0,100.0,60.0,60.0,1.0,1.2394960111472613,0.0,0.0,0.0,0.0,0.0,0.0,0.0,0.0,0.0,0.0,0.0,0.0,0.0,0.0,0.0,0,0,0,0,0,0,0,0.0,0.0,0.0,0.0,0.0,0.0,0.0,0.0,0.0,0.0,0.0
143948224,000660,259000.0,2048291,0.0,259000.0,50.0,100.0,60.0,60.0,1.0,1.199511703913451,0.0,0.0,0.0,0.0,0.0,0.0,0.0,0.0,0.0,0.0,0.0,0.0,0.0,0.0,0.0,0,0,0,0,0,0,0,0.0,0.0,0.0,0.0,0.0,0.0,0.0,0.0,0.0,0.0,0.0
143948225,000660,259000.0,2048292,0.0,259000.0,50.0,100.0,60.0,60.0,1.0,1.1606982046860304,0.0,0.0,0.0,0.0,0.0,0.0,0.0,0.0,0.0,0.0,0.0,0.0,0.0,0.0,0.0,0,0,0,0,0,0,0,0.0,0.0,0.0,0.0,0.0,0.0,0.0,0.0,0.0,0.0,0.0
143948226,000660,259000.0,2048296,0.0,259000.0,66.66666666666666,100.0,60.0,60.0,1.0,1.13537390203985,0.0,0.0,0.0,0.0,0.0,0.0,0.0,0.0,0.0,0.0,0.0,0.0,0.0,0.0,0.0,0,0,0,0,0,0,0,0.0,0.0,0.0,0.0,0.0,0.0,0.0,0.0,0.0,0.0,0.0
143948331,000660,259000.0,2048298,0.0,259000.0,50.0,100.0,60.0,60.0,1.0,1.1063613951079951,0.0,0.0,0.0,0.0,0.0,0.0,0.0,0.0,0.0,0.0,0.0,0.0,0.0,0.0,0.0,0,0,0,0,0,0,0,0.0,0.0,0.0,0.0,0.0,0.0,0.0,0.0,0.0,0.0,0.0
143948332,000660,259000.0,2048299,0.0,259000.0,100.0,100.0,60.0,60.0,1.0,1.0768892731114754,0.0,0.0,0.0,0.0,0.0,0.0,0.0,0.0,0.0,0.0,0.0,0.0,0.0,0.0,0.0,0,0,0,0,0,0,0,0.0,0.0,0.0,0.0,0.0,0.0,0.0,0.0,0.0,0.0,0.0
143948333,000660,259000.0,2048300,0.0,259000.0,100.0,100.0,60.0,60.0,1.0,1.0499736116327425,0.0,0.0,0.0,0.0,0.0,0.0,0.0,0.0,0.0,0.0,0.0,0.0,0.0,0.0,0.0,0,0,0,0,0,0,0,0.0,0.0,0.0,0.0,0.0,0.0,0.0,0.0,0.0,0.0,0.0
143948334,000660,259000.0,2048301,0.0,259000.0,100.0,100.0,60.0,60.0,1.0,1.0252867467963096,0.0,0.0,0.0,0.0,0.0,0.0,0.0,0.0,0.0,0.0,0.0,0.0,0.0,0.0,0.0,0,0,0,0,0,0,0,0.0,0.0,0.0,0.0,0.0,0.0,0.0,0.0,0.0,0.0,0.0
143948334,000660,259000.0,2048302,0.0,259000.0,100.0,100.0,60.0,60.0,1.0,1.0025572871325923,0.0,0.0,0.0,0.0,0.0,0.0,0.0,0.0,0.0,0.0,0.0,0.0,0.0,0.0,0.0,0,0,0,0,0,0,0,0.0,0.0,0.0,0.0,0.0,0.0,0.0,0.0,0.0,0.0,0.0
143949930,000660,258750.0,2048303,0.0,258950.0,0.0,99.92276501255068,55.00000000000001,58.333333333333336,1.0,0.9815582586982619,-2048303.0,0.0,0.0,-250.0,-0.09652509652509653,0.0,0.0,0.0,0.0,0.0,0.0,0.0,0.0,0.0,0.0,0,0,0,0,0,0,0,0.0,0.0,0.0,0.0,0.0,0.0,0.0,0.0,0.0,0.0,0.0
143950225,000660,259000.0,2048324,0.0,258950.0,50.0,100.01930874686234,60.0,58.333333333333336,1.0,1.0265592858846053,2048324.0,0.0,0.0,500.0,0.0,0.0,0.0,0.0,0.0,0.0,0.0,0.0,0.0,0.0,0.0,0,0,0,0,0,0,0,0.0,0.0,0.0,0.0,0.0,0.0,0.0,0.0,0.0,0.0,0.0
143952029,000660,259000.0,2048354,0.0,258950.0,50.0,100.01930874686234,60.0,58.333333333333336,1.0,1.0986470559480586,0.0,0.0,0.0,-250.0,0.0,0.0,0.0,0.0,0.0,0.0,0.0,0.0,0.0,0.0,0.0,0,0,0,0,0,0,0,0.0,0.0,0.0,0.0,0.0,0.0,0.0,0.0,0.0,0.0,0.0
143953231,000660,258750.0,2048359,0.0,258900.0,33.33333333333333,99.94206257242179,55.00000000000001,58.333333333333336,1.0,1.0874831486934304,-2048359.0,0.0,0.0,-250.0,-0.09652509652509653,0.0,0.0,0.0,0.0,0.0,0.0,0.0,0.0,0.0,0.0,0,0,0,0,0,0,0,0.0,0.0,0.0,0.0,0.0,0.0,0.0,0.0,0.0,0.0,0.0
143953234,000660,258750.0,2048362,0.0,258850.0,33.33333333333333,99.96136758740583,55.00000000000001,56.666666666666664,1.0,1.0710660959850096,0.0,0.0,0.0,250.0,-0.09652509652509653,0.0,0.0,0.0,0.0,0.0,0.0,0.0,0.0,0.0,0.0,0,0,0,0,0,0,0,0.0,0.0,0.0,0.0,0.0,0.0,0.0,0.0,0.0,0.0,0.0
143954023,000660,258750.0,2048378,0.0,258850.0,33.33333333333333,99.96136758740583,55.00000000000001,55.00000000000001,1.0,1.0974827806493692,0.0,0.0,0.0,0.0,-0.09652509652509653,0.0,0.0,0.0,0.0,0.0,0.0,0.0,0.0,0.0,0.0,0,0,0,0,0,0,0,0.0,0.0,0.0,0.0,0.0,0.0,0.0,0.0,0.0,0.0,0.0
143954332,000660,259000.0,2048524,0.0,258850.0,50.0,100.05794861889126,60.0,56.666666666666664,1.0,1.5288679676802872,2048524.0,0.0,0.0,250.0,0.0966183574879227,0.0,0.0,0.0,0.0,0.0,0.0,0.0,0.0,0.0,0.0,0,0,0,0,0,0,0,0.0,0.0,0.0,0.0,0.0,0.0,0.0,0.0,0.0,0.0,0.0
143954428,000660,259000.0,2048526,0.0,258850.0,50.0,100.05794861889126,60.0,58.333333333333336,1.0,1.483389148356189,0.0,0.0,0.0,-250.0,0.0966183574879227,0.0,0.0,0.0,0.0,0.0,0.0,0.0,0.0,0.0,0.0,0,0,0,0,0,0,0,0.0,0.0,0.0,0.0,0.0,0.0,0.0,0.0,0.0,0.0,0.0
143954429,000660,258750.0,2048529,0.0,258850.0,40.0,99.96136758740583,55.00000000000001,58.333333333333336,1.0,1.4453171741146655,-2048529.0,0.0,0.0,-250.0,0.0,0.0,0.0,0.0,0.0,0.0,0.0,0.0,0.0,0.0,0.0,0,0,0,0,0,0,0,0.0,0.0,0.0,0.0,0.0,0.0,0.0,0.0,0.0,0.0,0.0
143954523,000660,259000.0,2048535,0.0,258900.0,50.0,100.0386249517188,60.0,58.333333333333336,1.0,1.419746642688812,2048535.0,0.0,0.0,500.0,0.0966183574879227,0.0,0.0,0.0,0.0,0.0,0.0,0.0,0.0,0.0,0.0,0,0,0,0,0,0,0,0.0,0.0,0.0,0.0,0.0,0.0,0.0,0.0,0.0,0.0,0.0
143954927,000660,258750.0,2048536,0.0,258900.0,42.857142857142854,99.94206257242179,55.00000000000001,56.666666666666664,1.0,1.381745542059532,-2048536.0,0.0,0.0,-500.0,0.0,0.0,0.0,0.0,0.0,0.0,0.0,0.0,0.0,0.0,0.0,0,0,0,0,0,0,0,0.0,0.0,0.0,0.0,0.0,0.0,0.0,0.0,0.0,0.0,0.0
143956530,000660,258750.0,2048556,0.0,258850.0,42.857142857142854,99.96136758740583,55.00000000000001,56.666666666666664,1.0,1.4028861540948387,0.0,0.0,0.0,250.0,0.0,0.0,0.0,0.0,0.0,0.0,0.0,0.0,0.0,0.0,0.0,0,0,0,0,0,0,0,0.0,0.0,0.0,0.0,0.0,0.0,0.0,0.0,0.0,0.0,0.0
143956623,000660,259000.0,2048579,0.0,258850.0,50.0,100.05794861889126,60.0,56.666666666666664,1.0,1.4315441035223049,2048579.0,0.0,0.0,250.0,0.0966183574879227,0.0,0.0,0.0,0.0,0.0,0.0,0.0,0.0,0.0,0.0,0,0,0,0,0,0,0,0.0,0.0,0.0,0.0,0.0,0.0,0.0,0.0,0.0,0.0,0.0
143957519,000660,259000.0,2048580,0.0,258900.0,50.0,100.0386249517188,60.0,58.333333333333336,1.0,1.3949482789453915,0.0,0.0,0.0,-250.0,0.0966183574879227,0.0,0.0,0.0,0.0,0.0,0.0,0.0,0.0,0.0,0.0,0,0,0,0,0,0,0,0.0,0.0,0.0,0.0,0.0,0.0,0.0,0.0,0.0,0.0,0.0
143957717,000660,258750.0,2048581,0.0,258850.0,50.0,99.96136758740583,55.00000000000001,58.333333333333336,1.0,1.3612619796160759,-2048581.0,0.0,0.0,-250.0,-0.09652509652509653,0.0,0.0,0.0,0.0,0.0,0.0,0.0,0.0,0.0,0.0,0,0,0,0,0,0,0,0.0,0.0,0.0,0.0,0.0,0.0,0.0,0.0,0.0,0.0,0.0
143957921,000660,259000.0,2048583,0.0,258900.0,50.0,100.0386249517188,60.0,58.333333333333336,1.0,1.332992084807709,2048583.0,0.0,0.0,500.0,0.0,0.0,0.0,0.0,0.0,0.0,0.0,0.0,0.0,0.0,0.0,0,0,0,0,0,0,0,0.0,0.0,0.0,0.0,0.0,0.0,0.0,0.0,0.0,0.0,0.0
143958422,000660,258750.0,2048584,0.0,258900.0,44.444444444444436,99.94206257242179,55.00000000000001,56.666666666666664,1.0,1.3039705625185087,-2048584.0,0.0,0.0,-500.0,-0.09652509652509653,0.0,0.0,0.0,0.0,0.0,0.0,0.0,0.0,0.0,0.0,0,0,0,0,0,0,0,0.0,0.0,0.0,0.0,0.0,0.0,0.0,0.0,0.0,0.0,0.0
143959122,000660,259000.0,2048613,0.0,258900.0,55.55555555555556,100.0386249517188,60.0,58.333333333333336,1.0,1.3561820388344772,2048613.0,0.0,0.0,500.0,0.0,0.0,0.0,0.0,0.0,0.0,0.0,0.0,0.0,0.0,0.0,0,0,0,0,0,0,0,0.0,0.0,0.0,0.0,0.0,0.0,0.0,0.0,0.0,0.0,0.0
143959232,000660,258750.0,2048614,0.0,258850.0,50.0,99.96136758740583,55.00000000000001,56.666666666666664,1.0,1.32696702567961,-2048614.0,0.0,0.0,-500.0,-0.09652509652509653,0.0,0.0,0.0,0.0,0.0,0.0,0.0,0.0,0.0,0.0,0,0,0,0,0,0,0,0.0,0.0,0.0,0.0,0.0,0.0,0.0,0.0,0.0,0.0,0.0
143959527,000660,259000.0,2048616,0.0,258900.0,54.54545454545455,100.0386249517188,60.0,58.333333333333336,1.0,1.3025616055849711,2048616.0,0.0,0.0,500.0,0.0966183574879227,0.0,0.0,0.0,0.0,0.0,0.0,0.0,0.0,0.0,0.0,0,0,0,0,0,0,0,0.0,0.0,0.0,0.0,0.0,0.0,0.0,0.0,0.0,0.0,0.0
143959823,000660,259000.0,2048627,0.0,258900.0,50.0,100.0386249517188,60.0,58.333333333333336,1.0,1.304859465646087,0.0,0.0,0.0,-250.0,0.0966183574879227,0.0,0.0,0.0,0.0,0.0,0.0,0.0,0.0,0.0,0.0,0,0,0,0,0,0,0,0.0,0.0,0.0,0.0,0.0,0.0,0.0,0.0,0.0,0.0,0.0
144000929,000660,259000.0,2048628,0.0,258950.0,50.0,100.01930874686234,60.0,60.0,1.0,1.2796502077919778,0.0,0.0,0.0,0.0,0.0,0.0,0.0,0.0,0.0,0.0,0.0,0.0,0.0,0.0,0.0,0,0,0,0,0,0,0,0.0,0.0,0.0,0.0,0.0,0.0,0.0,0.0,0.0,0.0,0.0
144001319,000660,258750.0,2048629,0.0,258900.0,50.0,99.94206257242179,55.00000000000001,58.333333333333336,1.0,1.2560324958831688,-2048629.0,0.0,0.0,-250.0,-0.09652509652509653,0.0,0.0,0.0,0.0,0.0,0.0,0.0,0.0,0.0,0.0,0,0,0,0,0,0,0,0.0,0.0,0.0,0.0,0.0,0.0,0.0,0.0,0.0,0.0,0.0
144001429,000660,258750.0,2048630,0.0,258900.0,44.444444444444436,99.94206257242179,55.00000000000001,56.666666666666664,1.0,1.2338542677834945,0.0,0.0,0.0,250.0,-0.09652509652509653,0.0,0.0,0.0,0.0,0.0,0.0,0.0,0.0,0.0,0.0,0,0,0,0,0,0,0,0.0,0.0,0.0,0.0,0.0,0.0,0.0,0.0,0.0,0.0,0.0
144001522,000660,259000.0,2048633,0.0,258900.0,55.55555555555556,100.0386249517188,60.0,56.666666666666664,1.0,1.218476970660082,2048633.0,0.0,0.0,250.0,0.0,0.0,0.0,0.0,0.0,0.0,0.0,0.0,0.0,0.0,0.0,0,0,0,0,0,0,0,0.0,0.0,0.0,0.0,0.0,0.0,0.0,0.0,0.0,0.0,0.0
144002020,000660,259000.0,2048638,0.0,258900.0,55.55555555555556,100.0386249517188,60.0,58.333333333333336,1.0,1.2095345982130328,0.0,0.0,0.0,-250.0,0.0,0.0,0.0,0.0,0.0,0.0,0.0,0.0,0.0,0.0,0.0,0,0,0,0,0,0,0,0.0,0.0,0.0,0.0,0.0,0.0,0.0,0.0,0.0,0.0,0.0
144002924,000660,259000.0,2048646,0.0,258900.0,50.0,100.0386249517188,60.0,60.0,1.0,1.2094343287647535,0.0,0.0,0.0,0.0,0.0,0.0,0.0,0.0,0.0,0.0,0.0,0.0,0.0,0.0,0.0,0,0,0,0,0,0,0,0.0,0.0,0.0,0.0,0.0,0.0,0.0,0.0,0.0,0.0,0.0
144003125,000660,259000.0,2048660,0.0,258950.0,50.0,100.01930874686234,60.0,60.0,1.0,1.2259135133478354,0.0,0.0,0.0,0.0,0.0,0.0,0.0,0.0,0.0,0.0,0.0,0.0,0.0,0.0,0.0,0,0,0,0,0,0,0,0.0,0.0,0.0,0.0,0.0,0.0,0.0,0.0,0.0,0.0,0.0
144003218,000660,259000.0,2048682,0.0,259000.0,57.142857142857146,100.0,60.0,60.0,1.0,1.26355945168376,0.0,0.0,0.0,0.0,0.0,0.0,0.0,0.0,0.0,0.0,0.0,0.0,0.0,0.0,0.0,0,0,0,0,0,0,0,0.0,0.0,0.0,0.0,0.0,0.0,0.0,0.0,0.0,0.0,0.0
144004120,000660,259000.0,2048683,0.0,259000.0,50.0,100.0,60.0,60.0,1.0,1.2431324789056364,0.0,0.0,0.0,0.0,0.0,0.0,0.0,0.0,0.0,0.0,0.0,0.0,0.0,0.0,0.0,0,0,0,0,0,0,0,0.0,0.0,0.0,0.0,0.0,0.0,0.0,0.0,0.0,0.0,0.0
144004121,000660,259000.0,2048684,0.0,259000.0,60.0,100.0,60.0,60.0,1.0,1.2238195938453267,0.0,0.0,0.0,0.0,0.0,0.0,0.0,0.0,0.0,0.0,0.0,0.0,0.0,0.0,0.0,0,0,0,0,0,0,0,0.0,0.0,0.0,0.0,0.0,0.0,0.0,0.0,0.0,0.0,0.0
144004121,000660,259000.0,2048689,0.0,259000.0,50.0,100.0,60.0,60.0,1.0,1.2162642224759643,0.0,0.0,0.0,0.0,0.0,0.0,0.0,0.0,0.0,0.0,0.0,0.0,0.0,0.0,0.0,0,0,0,0,0,0,0,0.0,0.0,0.0,0.0,0.0,0.0,0.0,0.0,0.0,0.0,0.0
144005919,000660,259000.0,2048691,0.0,259000.0,66.66666666666666,100.0,60.0,60.0,1.0,1.2012038357874195,0.0,0.0,0.0,0.0,0.0,0.0,0.0,0.0,0.0,0.0,0.0,0.0,0.0,0.0,0.0,0,0,0,0,0,0,0,0.0,0.0,0.0,0.0,0.0,0.0,0.0,0.0,0.0,0.0,0.0
144006026,000660,259000.0,2048720,0.0,259000.0,50.0,100.0,60.0,60.0,1.0,1.2589425938668901,0.0,0.0,0.0,0.0,0.0,0.0,0.0,0.0,0.0,0.0,0.0,0.0,0.0,0.0,0.0,0,0,0,0,0,0,0,0.0,0.0,0.0,0.0,0.0,0.0,0.0,0.0,0.0,0.0,0.0
144006335,000660,258750.0,2048747,0.0,258950.0,33.33333333333333,99.92276501255068,55.00000000000001,58.333333333333336,1.0,1.309067347638974,-2048747.0,0.0,0.0,-250.0,-0.09652509652509653,0.0,0.0,0.0,0.0,0.0,0.0,0.0,0.0,0.0,0.0,0,0,0,0,0,0,0,0.0,0.0,0.0,0.0,0.0,0.0,0.0,0.0,0.0,0.0,0.0
144007823,000660,259000.0,2048796,0.0,258950.0,50.0,100.01930874686234,60.0,58.333333333333336,1.0,1.4147492786728109,2048796.0,0.0,0.0,500.0,0.0966183574879227,0.0,0.0,0.0,0.0,0.0,0.0,0.0,0.0,0.0,0.0,0,0,0,0,0,0,0,0.0,0.0,0.0,0.0,0.0,0.0,0.0,0.0,0.0,0.0,0.0
144007825,000660,259000.0,2049156,0.0,258950.0,66.66666666666666,100.01930874686234,60.0,58.333333333333336,1.0,2.296263563100889,0.0,0.0,0.0,-250.0,0.0966183574879227,0.0,0.0,0.0,0.0,0.0,0.0,0.0,0.0,0.0,0.0,0,0,0,0,0,0,0,0.0,0.0,0.0,0.0,0.0,0.0,0.0,0.0,0.0,0.0,0.0
144007826,000660,259000.0,2049293,0.0,258950.0,66.66666666666666,100.01930874686234,60.0,60.0,1.0,2.5295880535292716,0.0,0.0,0.0,0.0,0.0966183574879227,0.0,0.0,0.0,0.0,0.0,0.0,0.0,0.0,0.0,0.0,0,0,0,0,0,0,0,0.0,0.0,0.0,0.0,0.0,0.0,0.0,0.0,0.0,0.0,0.0
144007930,000660,259000.0,2049312,0.0,258950.0,50.0,100.01930874686234,60.0,60.0,1.0,2.460276911711111,0.0,0.0,0.0,0.0,0.0966183574879227,0.0,0.0,0.0,0.0,0.0,0.0,0.0,0.0,0.0,0.0,0,0,0,0,0,0,0,0.0,0.0,0.0,0.0,0.0,0.0,0.0,0.0,0.0,0.0,0.0
144007932,000660,259000.0,2049323,0.0,259000.0,50.0,100.0,60.0,60.0,1.0,2.3814255464001475,0.0,0.0,0.0,0.0,0.0966183574879227,0.0,0.0,0.0,0.0,0.0,0.0,0.0,0.0,0.0,0.0,0,0,0,0,0,0,0,0.0,0.0,0.0,0.0,0.0,0.0,0.0,0.0,0.0,0.0,0.0
144008227,000660,259000.0,2049326,0.0,259000.0,50.0,100.0,60.0,60.0,1.0,2.2943761137172447,0.0,0.0,0.0,0.0,0.0966183574879227,0.0,0.0,0.0,0.0,0.0,0.0,0.0,0.0,0.0,0.0,0,0,0,0,0,0,0,0.0,0.0,0.0,0.0,0.0,0.0,0.0,0.0,0.0,0.0,0.0
144008926,000660,259000.0,2049327,0.0,259000.0,50.0,100.0,60.0,60.0,1.0,2.212597322081871,0.0,0.0,0.0,0.0,0.0,0.0,0.0,0.0,0.0,0.0,0.0,0.0,0.0,0.0,0.0,0,0,0,0,0,0,0,0.0,0.0,0.0,0.0,0.0,0.0,0.0,0.0,0.0,0.0,0.0
144009127,000660,258750.0,2049341,0.0,258950.0,33.33333333333333,99.92276501255068,55.00000000000001,58.333333333333336,1.0,2.166017885440884,-2049341.0,0.0,0.0,-250.0,-0.09652509652509653,0.0,0.0,0.0,0.0,0.0,0.0,0.0,0.0,0.0,0.0,0,0,0,0,0,0,0,0.0,0.0,0.0,0.0,0.0,0.0,0.0,0.0,0.0,0.0,0.0
144009127,000660,259000.0,2049362,0.0,258950.0,50.0,100.01930874686234,60.0,58.333333333333336,1.0,2.1379022332048385,2049362.0,0.0,0.0,500.0,0.0,0.0,0.0,0.0,0.0,0.0,0.0,0.0,0.0,0.0,0.0,0,0,0,0,0,0,0,0.0,0.0,0.0,0.0,0.0,0.0,0.0,0.0,0.0,0.0,0.0
144009222,000660,258750.0,2049363,0.0,258900.0,40.0,99.94206257242179,55.00000000000001,56.666666666666664,1.0,2.072344426769181,-2049363.0,0.0,0.0,-500.0,-0.09652509652509653,0.0,0.0,0.0,0.0,0.0,0.0,0.0,0.0,0.0,0.0,0,0,0,0,0,0,0,0.0,0.0,0.0,0.0,0.0,0.0,0.0,0.0,0.0,0.0,0.0
144009224,000660,258750.0,2049364,0.0,258850.0,40.0,99.96136758740583,55.00000000000001,56.666666666666664,1.0,2.012629441095036,0.0,0.0,0.0,250.0,-0.09652509652509653,0.0,0.0,0.0,0.0,0.0,0.0,0.0,0.0,0.0,0.0,0,0,0,0,0,0,0,0.0,0.0,0.0,0.0,0.0,0.0,0.0,0.0,0.0,0.0,0.0
144009224,000660,258750.0,2049365,0.0,258800.0,40.0,99.9806800618238,55.00000000000001,55.00000000000001,1.0,1.9579460298527762,0.0,0.0,0.0,0.0,-0.09652509652509653,0.0,0.0,0.0,0.0,0.0,0.0,0.0,0.0,0.0,0.0,0,0,0,0,0,0,0,0.0,0.0,0.0,0.0,0.0,0.0,0.0,0.0,0.0,0.0,0.0
144009329,000660,258750.0,2049366,0.0,258800.0,40.0,99.9806800618238,55.00000000000001,55.00000000000001,1.0,1.9076324275983327,0.0,0.0,0.0,0.0,-0.09652509652509653,0.0,0.0,0.0,0.0,0.0,0.0,0.0,0.0,0.0,0.0,0,0,0,0,0,0,0,0.0,0.0,0.0,0.0,0.0,0.0,0.0,0.0,0.0,0.0,0.0
144009330,000660,258750.0,2049367,0.0,258750.0,50.0,100.0,55.00000000000001,55.00000000000001,1.0,1.8611427052489231,0.0,0.0,0.0,0.0,-0.09652509652509653,0.0,0.0,0.0,0.0,0.0,0.0,0.0,0.0,0.0,0.0,0,0,0,0,0,0,0,0.0,0.0,0.0,0.0,0.0,0.0,0.0,0.0,0.0,0.0,0.0
144010622,000660,258750.0,2049368,0.0,258750.0,33.33333333333333,100.0,55.00000000000001,55.00000000000001,1.0,1.8180219405798312,0.0,0.0,0.0,0.0,0.0,0.0,0.0,0.0,0.0,0.0,0.0,0.0,0.0,0.0,0.0,0,0,0,0,0,0,0,0.0,0.0,0.0,0.0,0.0,0.0,0.0,0.0,0.0,0.0,0.0
144011228,000660,258750.0,2049373,0.0,258750.0,33.33333333333333,100.0,55.00000000000001,55.00000000000001,1.0,1.785279109927407,0.0,0.0,0.0,0.0,0.0,0.0,0.0,0.0,0.0,0.0,0.0,0.0,0.0,0.0,0.0,0,0,0,0,0,0,0,0.0,0.0,0.0,0.0,0.0,0.0,0.0,0.0,0.0,0.0,0.0
144011634,000660,259000.0,2049374,0.0,258800.0,50.0,100.0772797527048,60.0,56.666666666666664,1.0,1.7474008956138187,2049374.0,0.0,0.0,250.0,0.0966183574879227,0.0,0.0,0.0,0.0,0.0,0.0,0.0,0.0,0.0,0.0,0,0,0,0,0,0,0,0.0,0.0,0.0,0.0,0.0,0.0,0.0,0.0,0.0,0.0,0.0
144011822,000660,258750.0,2049386,0.0,258800.0,40.0,99.9806800618238,55.00000000000001,56.666666666666664,1.0,1.7318862652827525,-2049386.0,0.0,0.0,-500.0,0.0,0.0,0.0,0.0,0.0,0.0,0.0,0.0,0.0,0.0,0.0,0,0,0,0,0,0,0,0.0,0.0,0.0,0.0,0.0,0.0,0.0,0.0,0.0,0.0,0.0
144011929,000660,258750.0,2049387,0.0,258800.0,40.0,99.9806800618238,55.00000000000001,56.666666666666664,1.0,1.6976024564051218,0.0,0.0,0.0,250.0,0.0,0.0,0.0,0.0,0.0,0.0,0.0,0.0,0.0,0.0,0.0,0,0,0,0,0,0,0,0.0,0.0,0.0,0.0,0.0,0.0,0.0,0.0,0.0,0.0,0.0
144012025,000660,259000.0,2049394,0.0,258850.0,50.0,100.05794861889126,60.0,56.666666666666664,1.0,1.6760682052238778,2049394.0,0.0,0.0,250.0,0.0966183574879227,0.0,0.0,0.0,0.0,0.0,0.0,0.0,0.0,0.0,0.0,0,0,0,0,0,0,0,0.0,0.0,0.0,0.0,0.0,0.0,0.0,0.0,0.0,0.0,0.0
144012132,000660,258750.0,2049395,0.0,258850.0,42.857142857142854,99.96136758740583,55.00000000000001,56.666666666666664,1.0,1.6452106238404773,-2049395.0,0.0,0.0,-500.0,0.0,0.0,0.0,0.0,0.0,0.0,0.0,0.0,0.0,0.0,0.0,0,0,0,0,0,0,0,0.0,0.0,0.0,0.0,0.0,0.0,0.0,0.0,0.0,0.0,0.0
144012133,000660,258750.0,2049396,0.0,258800.0,50.0,99.9806800618238,55.00000000000001,56.666666666666664,1.0,1.61609408222592,0.0,0.0,0.0,250.0,0.0,0.0,0.0,0.0,0.0,0.0,0.0,0.0,0.0,0.0,0.0,0,0,0,0,0,0,0,0.0,0.0,0.0,0.0,0.0,0.0,0.0,0.0,0.0,0.0,0.0
144012133,000660,258750.0,2049397,0.0,258800.0,40.0,99.9806800618238,55.00000000000001,55.00000000000001,1.0,1.5885643934576525,0.0,0.0,0.0,0.0,0.0,0.0,0.0,0.0,0.0,0.0,0.0,0.0,0.0,0.0,0.0,0,0,0,0,0,0,0,0.0,0.0,0.0,0.0,0.0,0.0,0.0,0.0,0.0,0.0,0.0
144012429,000660,258750.0,2049405,0.0,258800.0,50.0,99.9806800618238,55.00000000000001,55.00000000000001,1.0,1.5746038785370025,0.0,0.0,0.0,0.0,0.0,0.0,0.0,0.0,0.0,0.0,0.0,0.0,0.0,0.0,0.0,0,0,0,0,0,0,0,0.0,0.0,0.0,0.0,0.0,0.0,0.0,0.0,0.0,0.0,0.0
144012521,000660,258750.0,2049406,0.0,258750.0,50.0,100.0,55.00000000000001,55.00000000000001,1.0,1.5493628291996464,0.0,0.0,0.0,0.0,0.0,0.0,0.0,0.0,0.0,0.0,0.0,0.0,0.0,0.0,0.0,0,0,0,0,0,0,0,0.0,0.0,0.0,0.0,0.0,0.0,0.0,0.0,0.0,0.0,0.0
144012523,000660,258750.0,2049407,0.0,258750.0,50.0,100.0,55.00000000000001,55.00000000000001,1.0,1.5253834232800003,0.0,0.0,0.0,0.0,0.0,0.0,0.0,0.0,0.0,0.0,0.0,0.0,0.0,0.0,0.0,0,0,0,0,0,0,0,0.0,0.0,0.0,0.0,0.0,0.0,0.0,0.0,0.0,0.0,0.0
144012629,000660,258750.0,2049408,0.0,258750.0,50.0,100.0,55.00000000000001,55.00000000000001,1.0,1.5025668549281783,0.0,0.0,0.0,0.0,0.0,0.0,0.0,0.0,0.0,0.0,0.0,0.0,0.0,0.0,0.0,0,0,0,0,0,0,0,0.0,0.0,0.0,0.0,0.0,0.0,0.0,0.0,0.0,0.0,0.0
144012923,000660,258750.0,2049409,0.0,258750.0,50.0,100.0,55.00000000000001,55.00000000000001,1.0,1.4808248442358911,0.0,0.0,0.0,0.0,0.0,0.0,0.0,0.0,0.0,0.0,0.0,0.0,0.0,0.0,0.0,0,0,0,0,0,0,0,0.0,0.0,0.0,0.0,0.0,0.0,0.0,0.0,0.0,0.0,0.0
144012924,000660,258750.0,2049430,0.0,258750.0,50.0,100.0,55.00000000000001,55.00000000000001,1.0,1.4937494835035259,0.0,0.0,0.0,0.0,0.0,0.0,0.0,0.0,0.0,0.0,0.0,0.0,0.0,0.0,0.0,0,0,0,0,0,0,0,0.0,0.0,0.0,0.0,0.0,0.0,0.0,0.0,0.0,0.0,0.0
144012925,000660,258750.0,2049437,0.0,258750.0,50.0,100.0,55.00000000000001,55.00000000000001,1.0,1.4827883892416984,0.0,0.0,0.0,0.0,0.0,0.0,0.0,0.0,0.0,0.0,0.0,0.0,0.0,0.0,0.0,0,0,0,0,0,0,0,0.0,0.0,0.0,0.0,0.0,0.0,0.0,0.0,0.0,0.0,0.0
144012925,000660,258750.0,2049459,0.0,258750.0,33.33333333333333,100.0,55.00000000000001,55.00000000000001,1.0,1.4973247650664805,0.0,0.0,0.0,0.0,0.0,0.0,0.0,0.0,0.0,0.0,0.0,0.0,0.0,0.0,0.0,0,0,0,0,0,0,0,0.0,0.0,0.0,0.0,0.0,0.0,0.0,0.0,0.0,0.0,0.0
144013030,000660,258750.0,2049469,0.0,258750.0,50.0,100.0,55.00000000000001,55.00000000000001,1.0,1.491486448173681,0.0,0.0,0.0,0.0,-0.09652509652509653,0.0,0.0,0.0,0.0,0.0,0.0,0.0,0.0,0.0,0.0,0,0,0,0,0,0,0,0.0,0.0,0.0,0.0,0.0,0.0,0.0,0.0,0.0,0.0,0.0
144013032,000660,258750.0,2049470,0.0,258750.0,50.0,100.0,55.00000000000001,55.00000000000001,1.0,1.4711548060499244,0.0,0.0,0.0,0.0,-0.09652509652509653,0.0,0.0,0.0,0.0,0.0,0.0,0.0,0.0,0.0,0.0,0,0,0,0,0,0,0,0.0,0.0,0.0,0.0,0.0,0.0,0.0,0.0,0.0,0.0,0.0
144013033,000660,258750.0,2049471,0.0,258750.0,0.0,100.0,55.00000000000001,55.00000000000001,1.0,1.4517045410684548,0.0,0.0,0.0,0.0,-0.09652509652509653,0.0,0.0,0.0,0.0,0.0,0.0,0.0,0.0,0.0,0.0,0,0,0,0,0,0,0,0.0,0.0,0.0,0.0,0.0,0.0,0.0,0.0,0.0,0.0,0.0
144013123,000660,258750.0,2049472,0.0,258750.0,100.0,100.0,55.00000000000001,55.00000000000001,1.0,1.4330759529931492,0.0,0.0,0.0,0.0,-0.09652509652509653,0.0,0.0,0.0,0.0,0.0,0.0,0.0,0.0,0.0,0.0,0,0,0,0,0,0,0,0.0,0.0,0.0,0.0,0.0,0.0,0.0,0.0,0.0,0.0,0.0
144013234,000660,258750.0,2049473,0.0,258750.0,100.0,100.0,55.00000000000001,55.00000000000001,1.0,1.415214868183284,0.0,0.0,0.0,0.0,0.0,0.0,0.0,0.0,0.0,0.0,0.0,0.0,0.0,0.0,0.0,0,0,0,0,0,0,0,0.0,0.0,0.0,0.0,0.0,0.0,0.0,0.0,0.0,0.0,0.0
144013418,000660,258750.0,2049492,0.0,258750.0,100.0,100.0,55.00000000000001,55.00000000000001,1.0,1.4272124406070215,0.0,0.0,0.0,0.0,0.0,0.0,0.0,0.0,0.0,0.0,0.0,0.0,0.0,0.0,0.0,0,0,0,0,0,0,0,0.0,0.0,0.0,0.0,0.0,0.0,0.0,0.0,0.0,0.0,0.0
144013420,000660,258750.0,2049494,0.0,258750.0,100.0,100.0,55.00000000000001,55.00000000000001,1.0,1.4114711448521886,0.0,0.0,0.0,0.0,0.0,0.0,0.0,0.0,0.0,0.0,0.0,0.0,0.0,0.0,0.0,0,0,0,0,0,0,0,0.0,0.0,0.0,0.0,0.0,0.0,0.0,0.0,0.0,0.0,0.0
144013527,000660,258750.0,2049495,0.0,258750.0,100.0,100.0,55.00000000000001,55.00000000000001,1.0,1.3947523027864026,0.0,0.0,0.0,0.0,0.0,0.0,0.0,0.0,0.0,0.0,0.0,0.0,0.0,0.0,0.0,0,0,0,0,0,0,0,0.0,0.0,0.0,0.0,0.0,0.0,0.0,0.0,0.0,0.0,0.0
144013528,000660,258750.0,2049496,0.0,258750.0,100.0,100.0,55.00000000000001,55.00000000000001,1.0,1.3786769818879547,0.0,0.0,0.0,0.0,0.0,0.0,0.0,0.0,0.0,0.0,0.0,0.0,0.0,0.0,0.0,0,0,0,0,0,0,0,0.0,0.0,0.0,0.0,0.0,0.0,0.0,0.0,0.0,0.0,0.0
144013621,000660,258750.0,2049497,0.0,258750.0,100.0,100.0,55.00000000000001,55.00000000000001,1.0,1.3632066917529677,0.0,0.0,0.0,0.0,0.0,0.0,0.0,0.0,0.0,0.0,0.0,0.0,0.0,0.0,0.0,0,0,0,0,0,0,0,0.0,0.0,0.0,0.0,0.0,0.0,0.0,0.0,0.0,0.0,0.0
144013728,000660,258750.0,2049498,0.0,258750.0,100.0,100.0,55.00000000000001,55.00000000000001,1.0,1.3483061003622607,0.0,0.0,0.0,0.0,0.0,0.0,0.0,0.0,0.0,0.0,0.0,0.0,0.0,0.0,0.0,0,0,0,0,0,0,0,0.0,0.0,0.0,0.0,0.0,0.0,0.0,0.0,0.0,0.0,0.0
144013729,000660,258750.0,2049504,0.0,258750.0,100.0,100.0,55.00000000000001,55.00000000000001,1.0,1.3418712053369841,0.0,0.0,0.0,0.0,0.0,0.0,0.0,0.0,0.0,0.0,0.0,0.0,0.0,0.0,0.0,0,0,0,0,0,0,0,0.0,0.0,0.0,0.0,0.0,0.0,0.0,0.0,0.0,0.0,0.0
144013822,000660,258750.0,2049505,0.0,258750.0,100.0,100.0,55.00000000000001,55.00000000000001,1.0,1.3278062687842969,0.0,0.0,0.0,0.0,0.0,0.0,0.0,0.0,0.0,0.0,0.0,0.0,0.0,0.0,0.0,0,0,0,0,0,0,0,0.0,0.0,0.0,0.0,0.0,0.0,0.0,0.0,0.0,0.0,0.0
144013824,000660,258750.0,2049506,0.0,258750.0,100.0,100.0,55.00000000000001,55.00000000000001,1.0,1.3142313884869101,0.0,0.0,0.0,0.0,0.0,0.0,0.0,0.0,0.0,0.0,0.0,0.0,0.0,0.0,0.0,0,0,0,0,0,0,0,0.0,0.0,0.0,0.0,0.0,0.0,0.0,0.0,0.0,0.0,0.0
144014024,000660,259000.0,2049536,0.0,258800.0,100.0,100.0772797527048,60.0,56.666666666666664,1.0,1.3467037786427034,2049536.0,0.0,0.0,250.0,0.0966183574879227,0.0,0.0,0.0,0.0,0.0,0.0,0.0,0.0,0.0,0.0,0,0,0,0,0,0,0,0.0,0.0,0.0,0.0,0.0,0.0,0.0,0.0,0.0,0.0,0.0
144014025,000660,258750.0,2049539,0.0,258800.0,50.0,99.9806800618238,55.00000000000001,56.666666666666664,1.0,1.3360129455754728,-2049539.0,0.0,0.0,-500.0,0.0,0.0,0.0,0.0,0.0,0.0,0.0,0.0,0.0,0.0,0.0,0,0,0,0,0,0,0,0.0,0.0,0.0,0.0,0.0,0.0,0.0,0.0,0.0,0.0,0.0
144015329,000660,259000.0,2049545,0.0,258850.0,66.66666666666666,100.05794861889126,60.0,58.333333333333336,1.0,1.330391223309161,2049545.0,0.0,0.0,500.0,0.0966183574879227,0.0,0.0,0.0,0.0,0.0,0.0,0.0,0.0,0.0,0.0,0,0,0,0,0,0,0,0.0,0.0,0.0,0.0,0.0,0.0,0.0,0.0,0.0,0.0,0.0
144015624,000660,259000.0,2049553,0.0,258900.0,66.66666666666666,100.0386249517188,60.0,58.333333333333336,1.0,1.3281179178761588,0.0,0.0,0.0,-250.0,0.0966183574879227,0.0,0.0,0.0,0.0,0.0,0.0,0.0,0.0,0.0,0.0,0,0,0,0,0,0,0,0.0,0.0,0.0,0.0,0.0,0.0,0.0,0.0,0.0,0.0,0.0
144015625,000660,259000.0,2049575,0.0,258950.0,66.66666666666666,100.01930874686234,60.0,60.0,1.0,1.3477087682855917,0.0,0.0,0.0,0.0,0.0966183574879227,0.0,0.0,0.0,0.0,0.0,0.0,0.0,0.0,0.0,0.0,0,0,0,0,0,0,0,0.0,0.0,0.0,0.0,0.0,0.0,0.0,0.0,0.0,0.0,0.0
144015717,000660,259000.0,2049576,0.0,258950.0,66.66666666666666,100.01930874686234,60.0,60.0,1.0,1.3343254953205335,0.0,0.0,0.0,0.0,0.0966183574879227,0.0,0.0,0.0,0.0,0.0,0.0,0.0,0.0,0.0,0.0,0,0,0,0,0,0,0,0.0,0.0,0.0,0.0,0.0,0.0,0.0,0.0,0.0,0.0,0.0
144015718,000660,258750.0,2049615,0.0,258950.0,50.0,99.92276501255068,55.00000000000001,58.333333333333336,1.0,1.3799718469564597,-2049615.0,0.0,0.0,-250.0,0.0,0.0,0.0,0.0,0.0,0.0,0.0,0.0,0.0,0.0,0.0,0,0,0,0,0,0,0,0.0,0.0,0.0,0.0,0.0,0.0,0.0,0.0,0.0,0.0,0.0
144016121,000660,258750.0,2049626,0.0,258900.0,50.0,99.94206257242179,55.00000000000001,56.666666666666664,1.0,1.381346742716658,0.0,0.0,0.0,250.0,0.0,0.0,0.0,0.0,0.0,0.0,0.0,0.0,0.0,0.0,0.0,0,0,0,0,0,0,0,0.0,0.0,0.0,0.0,0.0,0.0,0.0,0.0,0.0,0.0,0.0
144016122,000660,258750.0,2049627,0.0,258850.0,50.0,99.96136758740583,55.00000000000001,55.00000000000001,1.0,1.367447632762,0.0,0.0,0.0,0.0,0.0,0.0,0.0,0.0,0.0,0.0,0.0,0.0,0.0,0.0,0.0,0,0,0,0,0,0,0,0.0,0.0,0.0,0.0,0.0,0.0,0.0,0.0,0.0,0.0,0.0
144016216,000660,258750.0,2049628,0.0,258800.0,50.0,99.9806800618238,55.00000000000001,55.00000000000001,1.0,1.354011767359091,0.0,0.0,0.0,0.0,0.0,0.0,0.0,0.0,0.0,0.0,0.0,0.0,0.0,0.0,0.0,0,0,0,0,0,0,0,0.0,0.0,0.0,0.0,0.0,0.0,0.0,0.0,0.0,0.0,0.0
144016217,000660,258750.0,2049629,0.0,258750.0,50.0,100.0,55.00000000000001,55.00000000000001,1.0,1.3410152444010295,0.0,0.0,0.0,0.0,0.0,0.0,0.0,0.0,0.0,0.0,0.0,0.0,0.0,0.0,0.0,0,0,0,0,0,0,0,0.0,0.0,0.0,0.0,0.0,0.0,0.0,0.0,0.0,0.0,0.0
144016324,000660,258750.0,2049630,0.0,258750.0,50.0,100.0,55.00000000000001,55.00000000000001,1.0,1.328435859999163,0.0,0.0,0.0,0.0,0.0,0.0,0.0,0.0,0.0,0.0,0.0,0.0,0.0,0.0,0.0,0,0,0,0,0,0,0,0.0,0.0,0.0,0.0,0.0,0.0,0.0,0.0,0.0,0.0,0.0
144016433,000660,258750.0,2049642,0.0,258750.0,50.0,100.0,55.00000000000001,55.00000000000001,1.0,1.3329062554636197,0.0,0.0,0.0,0.0,-0.09652509652509653,0.0,0.0,0.0,0.0,0.0,0.0,0.0,0.0,0.0,0.0,0,0,0,0,0,0,0,0.0,0.0,0.0,0.0,0.0,0.0,0.0,0.0,0.0,0.0,0.0
144016434,000660,258750.0,2049643,0.0,258750.0,50.0,100.0,55.00000000000001,55.00000000000001,1.0,1.3207167371155835,0.0,0.0,0.0,0.0,-0.09652509652509653,0.0,0.0,0.0,0.0,0.0,0.0,0.0,0.0,0.0,0.0,0,0,0,0,0,0,0,0.0,0.0,0.0,0.0,0.0,0.0,0.0,0.0,0.0,0.0,0.0
144016527,000660,258750.0,2049644,0.0,258750.0,33.33333333333333,100.0,55.00000000000001,55.00000000000001,1.0,1.3089033482982717,0.0,0.0,0.0,0.0,-0.09652509652509653,0.0,0.0,0.0,0.0,0.0,0.0,0.0,0.0,0.0,0.0,0,0,0,0,0,0,0,0.0,0.0,0.0,0.0,0.0,0.0,0.0,0.0,0.0,0.0,0.0
144016528,000660,258750.0,2049645,0.0,258750.0,50.0,100.0,55.00000000000001,55.00000000000001,1.0,1.2974482366648634,0.0,0.0,0.0,0.0,-0.09652509652509653,0.0,0.0,0.0,0.0,0.0,0.0,0.0,0.0,0.0,0.0,0,0,0,0,0,0,0,0.0,0.0,0.0,0.0,0.0,0.0,0.0,0.0,0.0,0.0,0.0
144016619,000660,258750.0,2049646,0.0,258750.0,0.0,100.0,55.00000000000001,55.00000000000001,1.0,1.2863347192796106,0.0,0.0,0.0,0.0,-0.09652509652509653,0.0,0.0,0.0,0.0,0.0,0.0,0.0,0.0,0.0,0.0,0,0,0,0,0,0,0,0.0,0.0,0.0,0.0,0.0,0.0,0.0,0.0,0.0,0.0,0.0
144016621,000660,259000.0,2049656,0.0,258800.0,50.0,100.0772797527048,60.0,56.666666666666664,1.0,1.289016573748417,2049656.0,0.0,0.0,250.0,0.0,0.0,0.0,0.0,0.0,0.0,0.0,0.0,0.0,0.0,0.0,0,0,0,0,0,0,0,0.0,0.0,0.0,0.0,0.0,0.0,0.0,0.0,0.0,0.0,0.0
144017631,000660,258750.0,2049695,0.0,258800.0,33.33333333333333,99.9806800618238,55.00000000000001,56.666666666666664,1.0,1.334956713503242,-2049695.0,0.0,0.0,-500.0,-0.09652509652509653,0.0,0.0,0.0,0.0,0.0,0.0,0.0,0.0,0.0,0.0,0,0,0,0,0,0,0,0.0,0.0,0.0,0.0,0.0,0.0,0.0,0.0,0.0,0.0,0.0
144017634,000660,258750.0,2049696,0.0,258800.0,33.33333333333333,99.9806800618238,55.00000000000001,56.666666666666664,1.0,1.3232816480916967,0.0,0.0,0.0,250.0,-0.09652509652509653,0.0,0.0,0.0,0.0,0.0,0.0,0.0,0.0,0.0,0.0,0,0,0,0,0,0,0,0.0,0.0,0.0,0.0,0.0,0.0,0.0,0.0,0.0,0.0,0.0
144017723,000660,258750.0,2049698,0.0,258800.0,50.0,99.9806800618238,55.00000000000001,55.00000000000001,1.0,1.3134365239052144,0.0,0.0,0.0,0.0,-0.09652509652509653,0.0,0.0,0.0,0.0,0.0,0.0,0.0,0.0,0.0,0.0,0,0,0,0,0,0,0,0.0,0.0,0.0,0.0,0.0,0.0,0.0,0.0,0.0,0.0,0.0
144017724,000660,258750.0,2049699,0.0,258800.0,50.0,99.9806800618238,55.00000000000001,55.00000000000001,1.0,1.3024058744315008,0.0,0.0,0.0,0.0,-0.09652509652509653,0.0,0.0,0.0,0.0,0.0,0.0,0.0,0.0,0.0,0.0,0,0,0,0,0,0,0,0.0,0.0,0.0,0.0,0.0,0.0,0.0,0.0,0.0,0.0,0.0
144017818,000660,258750.0,2049700,0.0,258750.0,50.0,100.0,55.00000000000001,55.00000000000001,1.0,1.2916919971559238,0.0,0.0,0.0,0.0,-0.09652509652509653,0.0,0.0,0.0,0.0,0.0,0.0,0.0,0.0,0.0,0.0,0,0,0,0,0,0,0,0.0,0.0,0.0,0.0,0.0,0.0,0.0,0.0,0.0,0.0,0.0
144021130,000660,259000.0,2049730,0.0,258800.0,66.66666666666666,100.0772797527048,60.0,56.666666666666664,1.0,1.3240228267334044,2049730.0,0.0,0.0,250.0,0.0966183574879227,0.0,0.0,0.0,0.0,0.0,0.0,0.0,0.0,0.0,0.0,0,0,0,0,0,0,0,0.0,0.0,0.0,0.0,0.0,0.0,0.0,0.0,0.0,0.0,0.0
144021318,000660,258750.0,2049733,0.0,258800.0,50.0,99.9806800618238,55.00000000000001,56.666666666666664,1.0,1.31595396419002,-2049733.0,0.0,0.0,-500.0,0.0,0.0,0.0,0.0,0.0,0.0,0.0,0.0,0.0,0.0,0.0,0,0,0,0,0,0,0,0.0,0.0,0.0,0.0,0.0,0.0,0.0,0.0,0.0,0.0,0.0
144021828,000660,259000.0,2049754,0.0,258850.0,60.0,100.05794861889126,60.0,58.333333333333336,1.0,1.3345139084691335,2049754.0,0.0,0.0,500.0,0.0966183574879227,0.0,0.0,0.0,0.0,0.0,0.0,0.0,0.0,0.0,0.0,0,0,0,0,0,0,0,0.0,0.0,0.0,0.0,0.0,0.0,0.0,0.0,0.0,0.0,0.0
144023631,000660,258750.0,2049760,0.0,258850.0,50.0,99.96136758740583,55.00000000000001,56.666666666666664,1.0,1.3307538466011348,-2049760.0,0.0,0.0,-500.0,-0.09652509652509653,0.0,0.0,0.0,0.0,0.0,0.0,0.0,0.0,0.0,0.0,0,0,0,0,0,0,0,0.0,0.0,0.0,0.0,0.0,0.0,0.0,0.0,0.0,0.0,0.0
144026435,000660,259000.0,2049768,0.0,258900.0,57.142857142857146,100.0386249517188,60.0,58.333333333333336,1.0,1.3300516041025474,2049768.0,0.0,0.0,500.0,0.0966183574879227,0.0,0.0,0.0,0.0,0.0,0.0,0.0,0.0,0.0,0.0,0,0,0,0,0,0,0,0.0,0.0,0.0,0.0,0.0,0.0,0.0,0.0,0.0,0.0,0.0
144026730,000660,259000.0,2049874,0.0,258900.0,57.142857142857146,100.0386249517188,60.0,58.333333333333336,1.0,1.471651728077378,0.0,0.0,0.0,-250.0,0.0966183574879227,0.0,0.0,0.0,0.0,0.0,0.0,0.0,0.0,0.0,0.0,0,0,0,0,0,0,0,0.0,0.0,0.0,0.0,0.0,0.0,0.0,0.0,0.0,0.0,0.0
144027023,000660,258750.0,2049877,0.0,258900.0,50.0,99.94206257242179,55.00000000000001,58.333333333333336,1.0,1.4605928101900836,-2049877.0,0.0,0.0,-250.0,0.0,0.0,0.0,0.0,0.0,0.0,0.0,0.0,0.0,0.0,0.0,0,0,0,0,0,0,0,0.0,0.0,0.0,0.0,0.0,0.0,0.0,0.0,0.0,0.0,0.0
144027832,000660,259000.0,2049898,0.0,258900.0,55.55555555555556,100.0386249517188,60.0,58.333333333333336,1.0,1.4757698257997127,2049898.0,0.0,0.0,500.0,0.0,0.0,0.0,0.0,0.0,0.0,0.0,0.0,0.0,0.0,0.0,0,0,0,0,0,0,0,0.0,0.0,0.0,0.0,0.0,0.0,0.0,0.0,0.0,0.0,0.0
144027925,000660,259000.0,2049902,0.0,258950.0,50.0,100.01930874686234,60.0,58.333333333333336,1.0,1.4662108737152644,0.0,0.0,0.0,-250.0,0.0,0.0,0.0,0.0,0.0,0.0,0.0,0.0,0.0,0.0,0.0,0,0,0,0,0,0,0,0.0,0.0,0.0,0.0,0.0,0.0,0.0,0.0,0.0,0.0,0.0
144027927,000660,259000.0,2049905,0.0,258950.0,57.142857142857146,100.01930874686234,60.0,60.0,1.0,1.4555338404571954,0.0,0.0,0.0,0.0,0.0,0.0,0.0,0.0,0.0,0.0,0.0,0.0,0.0,0.0,0.0,0,0,0,0,0,0,0,0.0,0.0,0.0,0.0,0.0,0.0,0.0,0.0,0.0,0.0,0.0
144028018,000660,259000.0,2050598,0.0,258950.0,57.142857142857146,100.01930874686234,60.0,60.0,1.0,2.410178145215084,0.0,0.0,0.0,0.0,0.0,0.0,0.0,0.0,0.0,0.0,0.0,0.0,0.0,0.0,0.0,0,0,0,0,0,0,0,0.0,0.0,0.0,0.0,0.0,0.0,0.0,0.0,0.0,0.0,0.0
144028021,000660,259000.0,2050779,0.0,259000.0,57.142857142857146,100.0,60.0,60.0,1.0,2.60192456892936,0.0,0.0,0.0,0.0,0.0,0.0,0.0,0.0,0.0,0.0,0.0,0.0,0.0,0.0,0.0,0,0,0,0,0,0,0,0.0,0.0,0.0,0.0,0.0,0.0,0.0,0.0,0.0,0.0,0.0
144029322,000660,259000.0,2050810,0.0,259000.0,57.142857142857146,100.0,60.0,60.0,1.0,2.579797719578527,0.0,0.0,0.0,0.0,0.0,0.0,0.0,0.0,0.0,0.0,0.0,0.0,0.0,0.0,0.0,0,0,0,0,0,0,0,0.0,0.0,0.0,0.0,0.0,0.0,0.0,0.0,0.0,0.0,0.0
144030225,000660,259000.0,2050823,0.0,259000.0,57.142857142857146,100.0,60.0,60.0,1.0,2.5355379148632173,0.0,0.0,0.0,0.0,0.0,0.0,0.0,0.0,0.0,0.0,0.0,0.0,0.0,0.0,0.0,0,0,0,0,0,0,0,0.0,0.0,0.0,0.0,0.0,0.0,0.0,0.0,0.0,0.0,0.0
144032437,000660,258750.0,2050824,0.0,258950.0,42.857142857142854,99.92276501255068,55.00000000000001,58.333333333333336,1.0,2.4788708557427994,-2050824.0,0.0,0.0,-250.0,-0.09652509652509653,0.0,0.0,0.0,0.0,0.0,0.0,0.0,0.0,0.0,0.0,0,0,0,0,0,0,0,0.0,0.0,0.0,0.0,0.0,0.0,0.0,0.0,0.0,0.0,0.0
144032530,000660,259000.0,2050835,0.0,258950.0,57.142857142857146,100.01930874686234,60.0,58.333333333333336,1.0,2.4384635165241795,2050835.0,0.0,0.0,500.0,0.0,0.0,0.0,0.0,0.0,0.0,0.0,0.0,0.0,0.0,0.0,0,0,0,0,0,0,0,0.0,0.0,0.0,0.0,0.0,0.0,0.0,0.0,0.0,0.0,0.0
144033030,000660,258750.0,2050836,0.0,258900.0,42.857142857142854,99.94206257242179,55.00000000000001,56.666666666666664,1.0,2.3881222843437206,-2050836.0,0.0,0.0,-500.0,-0.09652509652509653,0.0,0.0,0.0,0.0,0.0,0.0,0.0,0.0,0.0,0.0,0,0,0,0,0,0,0,0.0,0.0,0.0,0.0,0.0,0.0,0.0,0.0,0.0,0.0,0.0
144033417,000660,258750.0,2050837,0.0,258850.0,50.0,99.96136758740583,55.00000000000001,56.666666666666664,1.0,2.3408394121770497,0.0,0.0,0.0,250.0,-0.09652509652509653,0.0,0.0,0.0,0.0,0.0,0.0,0.0,0.0,0.0,0.0,0,0,0,0,0,0,0,0.0,0.0,0.0,0.0,0.0,0.0,0.0,0.0,0.0,0.0,0.0
144033419,000660,258750.0,2050846,0.0,258800.0,40.0,99.9806800618238,55.00000000000001,55.00000000000001,1.0,2.305983801980362,0.0,0.0,0.0,0.0,-0.09652509652509653,0.0,0.0,0.0,0.0,0.0,0.0,0.0,0.0,0.0,0.0,0,0,0,0,0,0,0,0.0,0.0,0.0,0.0,0.0,0.0,0.0,0.0,0.0,0.0,0.0
144033822,000660,259000.0,2050847,0.0,258850.0,50.0,100.05794861889126,60.0,56.666666666666664,1.0,2.2634880189318314,2050847.0,0.0,0.0,250.0,0.0,0.0,0.0,0.0,0.0,0.0,0.0,0.0,0.0,0.0,0.0,0,0,0,0,0,0,0,0.0,0.0,0.0,0.0,0.0,0.0,0.0,0.0,0.0,0.0,0.0
144033823,000660,259000.0,2050848,0.0,258850.0,60.0,100.05794861889126,60.0,58.333333333333336,1.0,2.223314668372252,0.0,0.0,0.0,-250.0,0.0,0.0,0.0,0.0,0.0,0.0,0.0,0.0,0.0,0.0,0.0,0,0,0,0,0,0,0,0.0,0.0,0.0,0.0,0.0,0.0,0.0,0.0,0.0,0.0,0.0
144033823,000660,259000.0,2050849,0.0,258900.0,50.0,100.0386249517188,60.0,60.0,1.0,2.1852613450637373,0.0,0.0,0.0,0.0,0.0,0.0,0.0,0.0,0.0,0.0,0.0,0.0,0.0,0.0,0.0,0,0,0,0,0,0,0,0.0,0.0,0.0,0.0,0.0,0.0,0.0,0.0,0.0,0.0,0.0
144033916,000660,258750.0,2050851,0.0,258900.0,40.0,99.94206257242179,55.00000000000001,58.333333333333336,1.0,2.1503065707128597,-2050851.0,0.0,0.0,-250.0,-0.09652509652509653,0.0,0.0,0.0,0.0,0.0,0.0,0.0,0.0,0.0,0.0,0,0,0,0,0,0,0,0.0,0.0,0.0,0.0,0.0,0.0,0.0,0.0,0.0,0.0,0.0
144034540,000660,259000.0,2050852,0.0,258950.0,50.0,100.01930874686234,60.0,58.333333333333336,1.0,2.1159282559757435,2050852.0,0.0,0.0,500.0,0.0966183574879227,0.0,0.0,0.0,0.0,0.0,0.0,0.0,0.0,0.0,0.0,0,0,0,0,0,0,0,0.0,0.0,0.0,0.0,0.0,0.0,0.0,0.0,0.0,0.0,0.0
144034821,000660,258750.0,2050853,0.0,258900.0,42.857142857142854,99.94206257242179,55.00000000000001,56.666666666666664,1.0,2.0831963396211703,-2050853.0,0.0,0.0,-500.0,0.0,0.0,0.0,0.0,0.0,0.0,0.0,0.0,0.0,0.0,0.0,0,0,0,0,0,0,0,0.0,0.0,0.0,0.0,0.0,0.0,0.0,0.0,0.0,0.0,0.0
144034824,000660,259000.0,2050854,0.0,258900.0,50.0,100.0386249517188,60.0,58.333333333333336,1.0,2.0519848131296414,2050854.0,0.0,0.0,500.0,0.0,0.0,0.0,0.0,0.0,0.0,0.0,0.0,0.0,0.0,0.0,0,0,0,0,0,0,0,0.0,0.0,0.0,0.0,0.0,0.0,0.0,0.0,0.0,0.0,0.0
144034931,000660,259000.0,2050873,0.0,258900.0,50.0,100.0386249517188,60.0,58.333333333333336,1.0,2.042267491360887,0.0,0.0,0.0,-250.0,0.0966183574879227,0.0,0.0,0.0,0.0,0.0,0.0,0.0,0.0,0.0,0.0,0,0,0,0,0,0,0,0.0,0.0,0.0,0.0,0.0,0.0,0.0,0.0,0.0,0.0,0.0
144034932,000660,259000.0,2051198,0.0,258950.0,50.0,100.01930874686234,60.0,60.0,1.0,2.369007925544447,0.0,0.0,0.0,0.0,0.0966183574879227,0.0,0.0,0.0,0.0,0.0,0.0,0.0,0.0,0.0,0.0,0,0,0,0,0,0,0,0.0,0.0,0.0,0.0,0.0,0.0,0.0,0.0,0.0,0.0,0.0
144035334,000660,259000.0,2051217,0.0,258950.0,57.142857142857146,100.01930874686234,60.0,60.0,1.0,2.3449691819112704,0.0,0.0,0.0,0.0,0.0966183574879227,0.0,0.0,0.0,0.0,0.0,0.0,0.0,0.0,0.0,0.0,0,0,0,0,0,0,0,0.0,0.0,0.0,0.0,0.0,0.0,0.0,0.0,0.0,0.0,0.0
144035724,000660,259000.0,2051219,0.0,259000.0,50.0,100.0,60.0,60.0,1.0,2.304015106509475,0.0,0.0,0.0,0.0,0.0,0.0,0.0,0.0,0.0,0.0,0.0,0.0,0.0,0.0,0.0,0,0,0,0,0,0,0,0.0,0.0,0.0,0.0,0.0,0.0,0.0,0.0,0.0,0.0,0.0
144035724,000660,259000.0,2051221,0.0,259000.0,60.0,100.0,60.0,60.0,1.0,2.2652289837586603,0.0,0.0,0.0,0.0,0.0,0.0,0.0,0.0,0.0,0.0,0.0,0.0,0.0,0.0,0.0,0,0,0,0,0,0,0,0.0,0.0,0.0,0.0,0.0,0.0,0.0,0.0,0.0,0.0,0.0
144035725,000660,259000.0,2051222,0.0,259000.0,60.0,100.0,60.0,60.0,1.0,2.2273862032992167,0.0,0.0,0.0,0.0,0.0,0.0,0.0,0.0,0.0,0.0,0.0,0.0,0.0,0.0,0.0,0,0,0,0,0,0,0,0.0,0.0,0.0,0.0,0.0,0.0,0.0,0.0,0.0,0.0,0.0
144036621,000660,258750.0,2051246,0.0,258950.0,50.0,99.92276501255068,55.00000000000001,58.333333333333336,1.0,2.2151558592036977,-2051246.0,0.0,0.0,-250.0,-0.09652509652509653,0.0,0.0,0.0,0.0,0.0,0.0,0.0,0.0,0.0,0.0,0,0,0,0,0,0,0,0.0,0.0,0.0,0.0,0.0,0.0,0.0,0.0,0.0,0.0,0.0
144036930,000660,259000.0,2051266,0.0,258950.0,50.0,100.01930874686234,60.0,58.333333333333336,1.0,2.1993131892161566,2051266.0,0.0,0.0,500.0,0.0,0.0,0.0,0.0,0.0,0.0,0.0,0.0,0.0,0.0,0.0,0,0,0,0,0,0,0,0.0,0.0,0.0,0.0,0.0,0.0,0.0,0.0,0.0,0.0,0.0
144038624,000660,259000.0,2051434,0.0,258950.0,50.0,100.01930874686234,60.0,58.333333333333336,1.0,2.3332028286162676,0.0,0.0,0.0,-250.0,0.0,0.0,0.0,0.0,0.0,0.0,0.0,0.0,0.0,0.0,0.0,0,0,0,0,0,0,0,0.0,0.0,0.0,0.0,0.0,0.0,0.0,0.0,0.0,0.0,0.0
144039523,000660,259000.0,2051445,0.0,258950.0,50.0,100.01930874686234,60.0,60.0,1.0,2.3030082851911047,0.0,0.0,0.0,0.0,0.0,0.0,0.0,0.0,0.0,0.0,0.0,0.0,0.0,0.0,0.0,0,0,0,0,0,0,0,0.0,0.0,0.0,0.0,0.0,0.0,0.0,0.0,0.0,0.0,0.0
144040530,000660,259000.0,2051448,0.0,258950.0,60.0,100.01930874686234,60.0,60.0,1.0,2.2664439355893964,0.0,0.0,0.0,0.0,0.0,0.0,0.0,0.0,0.0,0.0,0.0,0.0,0.0,0.0,0.0,0,0,0,0,0,0,0,0.0,0.0,0.0,0.0,0.0,0.0,0.0,0.0,0.0,0.0,0.0
144040825,000660,259000.0,2051459,0.0,259000.0,50.0,100.0,60.0,60.0,1.0,2.2394663087800906,0.0,0.0,0.0,0.0,0.0,0.0,0.0,0.0,0.0,0.0,0.0,0.0,0.0,0.0,0.0,0,0,0,0,0,0,0,0.0,0.0,0.0,0.0,0.0,0.0,0.0,0.0,0.0,0.0,0.0
144040826,000660,259000.0,2051478,0.0,259000.0,66.66666666666666,100.0,60.0,60.0,1.0,2.221443935366466,0.0,0.0,0.0,0.0,0.0,0.0,0.0,0.0,0.0,0.0,0.0,0.0,0.0,0.0,0.0,0,0,0,0,0,0,0,0.0,0.0,0.0,0.0,0.0,0.0,0.0,0.0,0.0,0.0,0.0
144041117,000660,259000.0,2051507,0.0,259000.0,50.0,100.0,60.0,60.0,1.0,2.2137116273669486,0.0,0.0,0.0,0.0,0.0,0.0,0.0,0.0,0.0,0.0,0.0,0.0,0.0,0.0,0.0,0,0,0,0,0,0,0,0.0,0.0,0.0,0.0,0.0,0.0,0.0,0.0,0.0,0.0,0.0
144041319,000660,259000.0,2051548,0.0,259000.0,50.0,100.0,60.0,60.0,1.0,2.2175069907196354,0.0,0.0,0.0,0.0,0.0,0.0,0.0,0.0,0.0,0.0,0.0,0.0,0.0,0.0,0.0,0,0,0,0,0,0,0,0.0,0.0,0.0,0.0,0.0,0.0,0.0,0.0,0.0,0.0,0.0
144042827,000660,259000.0,2051549,0.0,259000.0,50.0,100.0,60.0,60.0,1.0,2.183620756657544,0.0,0.0,0.0,0.0,0.0,0.0,0.0,0.0,0.0,0.0,0.0,0.0,0.0,0.0,0.0,0,0,0,0,0,0,0,0.0,0.0,0.0,0.0,0.0,0.0,0.0,0.0,0.0,0.0,0.0
144042828,000660,259000.0,2051550,0.0,259000.0,50.0,100.0,60.0,60.0,1.0,2.1512792942071113,0.0,0.0,0.0,0.0,0.0,0.0,0.0,0.0,0.0,0.0,0.0,0.0,0.0,0.0,0.0,0,0,0,0,0,0,0,0.0,0.0,0.0,0.0,0.0,0.0,0.0,0.0,0.0,0.0,0.0
144043031,000660,258750.0,2051566,0.0,258950.0,33.33333333333333,99.92276501255068,55.00000000000001,58.333333333333336,1.0,2.1341165535181448,-2051566.0,0.0,0.0,-250.0,-0.09652509652509653,0.0,0.0,0.0,0.0,0.0,0.0,0.0,0.0,0.0,0.0,0,0,0,0,0,0,0,0.0,0.0,0.0,0.0,0.0,0.0,0.0,0.0,0.0,0.0,0.0
144043523,000660,259000.0,2051572,0.0,258950.0,50.0,100.01930874686234,60.0,58.333333333333336,1.0,2.108561625458999,2051572.0,0.0,0.0,500.0,0.0,0.0,0.0,0.0,0.0,0.0,0.0,0.0,0.0,0.0,0.0,0,0,0,0,0,0,0,0.0,0.0,0.0,0.0,0.0,0.0,0.0,0.0,0.0,0.0,0.0
144043524,000660,259000.0,2051592,0.0,258950.0,50.0,100.01930874686234,60.0,58.333333333333336,1.0,2.096683858832642,0.0,0.0,0.0,-250.0,0.0,0.0,0.0,0.0,0.0,0.0,0.0,0.0,0.0,0.0,0.0,0,0,0,0,0,0,0,0.0,0.0,0.0,0.0,0.0,0.0,0.0,0.0,0.0,0.0,0.0
144043525,000660,259000.0,2051648,0.0,258950.0,66.66666666666666,100.01930874686234,60.0,60.0,1.0,2.1173622123724978,0.0,0.0,0.0,0.0,0.0,0.0,0.0,0.0,0.0,0.0,0.0,0.0,0.0,0.0,0.0,0,0,0,0,0,0,0,0.0,0.0,0.0,0.0,0.0,0.0,0.0,0.0,0.0,0.0,0.0
144044518,000660,259000.0,2051649,0.0,258950.0,50.0,100.01930874686234,60.0,60.0,1.0,2.0883399908704785,0.0,0.0,0.0,0.0,0.0966183574879227,0.0,0.0,0.0,0.0,0.0,0.0,0.0,0.0,0.0,0.0,0,0,0,0,0,0,0,0.0,0.0,0.0,0.0,0.0,0.0,0.0,0.0,0.0,0.0,0.0
144044627,000660,258750.0,2051677,0.0,258950.0,33.33333333333333,99.92276501255068,55.00000000000001,58.333333333333336,1.0,2.0841980178387667,-2051677.0,0.0,0.0,-250.0,-0.09652509652509653,0.0,0.0,0.0,0.0,0.0,0.0,0.0,0.0,0.0,0.0,0,0,0,0,0,0,0,0.0,0.0,0.0,0.0,0.0,0.0,0.0,0.0,0.0,0.0,0.0
144045123,000660,259000.0,2051698,0.0,258950.0,50.0,100.01930874686234,60.0,58.333333333333336,1.0,2.0740528685051722,2051698.0,0.0,0.0,500.0,0.0,0.0,0.0,0.0,0.0,0.0,0.0,0.0,0.0,0.0,0.0,0,0,0,0,0,0,0,0.0,0.0,0.0,0.0,0.0,0.0,0.0,0.0,0.0,0.0,0.0
144046229,000660,258750.0,2051703,0.0,258900.0,40.0,99.94206257242179,55.00000000000001,56.666666666666664,1.0,2.05045437907892,-2051703.0,0.0,0.0,-500.0,-0.09652509652509653,0.0,0.0,0.0,0.0,0.0,0.0,0.0,0.0,0.0,0.0,0,0,0,0,0,0,0,0.0,0.0,0.0,0.0,0.0,0.0,0.0,0.0,0.0,0.0,0.0
144046230,000660,258750.0,2051705,0.0,258850.0,40.0,99.96136758740583,55.00000000000001,56.666666666666664,1.0,2.0252053410326165,0.0,0.0,0.0,250.0,-0.09652509652509653,0.0,0.0,0.0,0.0,0.0,0.0,0.0,0.0,0.0,0.0,0,0,0,0,0,0,0,0.0,0.0,0.0,0.0,0.0,0.0,0.0,0.0,0.0,0.0,0.0
144047422,000660,258750.0,2051708,0.0,258800.0,40.0,99.9806800618238,55.00000000000001,55.00000000000001,1.0,2.001774224923754,0.0,0.0,0.0,0.0,0.0,0.0,0.0,0.0,0.0,0.0,0.0,0.0,0.0,0.0,0.0,0,0,0,0,0,0,0,0.0,0.0,0.0,0.0,0.0,0.0,0.0,0.0,0.0,0.0,0.0
144049129,000660,259000.0,2051738,0.0,258850.0,50.0,100.05794861889126,60.0,56.666666666666664,1.0,2.002011189257159,2051738.0,0.0,0.0,250.0,0.0966183574879227,0.0,0.0,0.0,0.0,0.0,0.0,0.0,0.0,0.0,0.0,0,0,0,0,0,0,0,0.0,0.0,0.0,0.0,0.0,0.0,0.0,0.0,0.0,0.0,0.0
144051080,000660,258750.0,2051741,0.0,258800.0,42.857142857142854,99.9806800618238,55.00000000000001,56.666666666666664,1.0,1.9795534599409663,-2051741.0,0.0,0.0,-500.0,-0.09652509652509653,0.0,0.0,0.0,0.0,0.0,0.0,0.0,0.0,0.0,0.0,0,0,0,0,0,0,0,0.0,0.0,0.0,0.0,0.0,0.0,0.0,0.0,0.0,0.0,0.0
144051734,000660,259000.0,2051742,0.0,258850.0,50.0,100.05794861889126,60.0,58.333333333333336,1.0,1.956247186535641,2051742.0,0.0,0.0,500.0,0.0,0.0,0.0,0.0,0.0,0.0,0.0,0.0,0.0,0.0,0.0,0,0,0,0,0,0,0,0.0,0.0,0.0,0.0,0.0,0.0,0.0,0.0,0.0,0.0,0.0
144051917,000660,259000.0,2051744,0.0,258900.0,50.0,100.0386249517188,60.0,58.333333333333336,1.0,1.9345994794474606,0.0,0.0,0.0,-250.0,0.0,0.0,0.0,0.0,0.0,0.0,0.0,0.0,0.0,0.0,0.0,0,0,0,0,0,0,0,0.0,0.0,0.0,0.0,0.0,0.0,0.0,0.0,0.0,0.0,0.0
144052619,000660,259000.0,2051794,0.0,258950.0,57.142857142857146,100.01930874686234,60.0,60.0,1.0,1.9531413007197131,0.0,0.0,0.0,0.0,0.0966183574879227,0.0,0.0,0.0,0.0,0.0,0.0,0.0,0.0,0.0,0.0,0,0,0,0,0,0,0,0.0,0.0,0.0,0.0,0.0,0.0,0.0,0.0,0.0,0.0,0.0
144052820,000660,259000.0,2051795,0.0,258950.0,50.0,100.01930874686234,60.0,60.0,1.0,1.930976469060538,0.0,0.0,0.0,0.0,0.0,0.0,0.0,0.0,0.0,0.0,0.0,0.0,0.0,0.0,0.0,0,0,0,0,0,0,0,0.0,0.0,0.0,0.0,0.0,0.0,0.0,0.0,0.0,0.0,0.0
144052821,000660,259000.0,2051796,0.0,259000.0,50.0,100.0,60.0,60.0,1.0,1.9095752918281,0.0,0.0,0.0,0.0,0.0,0.0,0.0,0.0,0.0,0.0,0.0,0.0,0.0,0.0,0.0,0,0,0,0,0,0,0,0.0,0.0,0.0,0.0,0.0,0.0,0.0,0.0,0.0,0.0,0.0
144052929,000660,258750.0,2051801,0.0,258950.0,42.857142857142854,99.92276501255068,55.00000000000001,58.333333333333336,1.0,1.8921200207051103,-2051801.0,0.0,0.0,-250.0,-0.09652509652509653,0.0,0.0,0.0,0.0,0.0,0.0,0.0,0.0,0.0,0.0,0,0,0,0,0,0,0,0.0,0.0,0.0,0.0,0.0,0.0,0.0,0.0,0.0,0.0,0.0
144054038,000660,258750.0,2051839,0.0,258900.0,42.857142857142854,99.94206257242179,55.00000000000001,56.666666666666664,1.0,1.9016752587784003,0.0,0.0,0.0,250.0,0.0,0.0,0.0,0.0,0.0,0.0,0.0,0.0,0.0,0.0,0.0,0,0,0,0,0,0,0,0.0,0.0,0.0,0.0,0.0,0.0,0.0,0.0,0.0,0.0,0.0
144055215,000660,259000.0,2051849,0.0,258900.0,57.142857142857146,100.0386249517188,60.0,56.666666666666664,1.0,1.8885798477291986,2051849.0,0.0,0.0,250.0,0.0966183574879227,0.0,0.0,0.0,0.0,0.0,0.0,0.0,0.0,0.0,0.0,0,0,0,0,0,0,0,0.0,0.0,0.0,0.0,0.0,0.0,0.0,0.0,0.0,0.0,0.0
144055216,000660,259000.0,2051870,0.0,258900.0,50.0,100.0386249517188,60.0,58.333333333333336,1.0,1.8846074129594372,0.0,0.0,0.0,-250.0,0.0966183574879227,0.0,0.0,0.0,0.0,0.0,0.0,0.0,0.0,0.0,0.0,0,0,0,0,0,0,0,0.0,0.0,0.0,0.0,0.0,0.0,0.0,0.0,0.0,0.0,0.0
144055325,000660,259000.0,2051877,0.0,258900.0,60.0,100.0386249517188,60.0,60.0,1.0,1.8697298996456857,0.0,0.0,0.0,0.0,0.0966183574879227,0.0,0.0,0.0,0.0,0.0,0.0,0.0,0.0,0.0,0.0,0,0,0,0,0,0,0,0.0,0.0,0.0,0.0,0.0,0.0,0.0,0.0,0.0,0.0,0.0
144055635,000660,259000.0,2051878,0.0,258950.0,60.0,100.01930874686234,60.0,60.0,1.0,1.8506271502411553,0.0,0.0,0.0,0.0,0.0966183574879227,0.0,0.0,0.0,0.0,0.0,0.0,0.0,0.0,0.0,0.0,0,0,0,0,0,0,0,0.0,0.0,0.0,0.0,0.0,0.0,0.0,0.0,0.0,0.0,0.0
144055637,000660,259000.0,2051884,0.0,259000.0,60.0,100.0,60.0,60.0,1.0,1.8360123141361169,0.0,0.0,0.0,0.0,0.0966183574879227,0.0,0.0,0.0,0.0,0.0,0.0,0.0,0.0,0.0,0.0,0,0,0,0,0,0,0,0.0,0.0,0.0,0.0,0.0,0.0,0.0,0.0,0.0,0.0,0.0
144100055,000660,259000.0,2051911,0.0,259000.0,50.0,100.0,60.0,60.0,1.0,1.838097289006078,0.0,0.0,0.0,0.0,0.0,0.0,0.0,0.0,0.0,0.0,0.0,0.0,0.0,0.0,0.0,0,0,0,0,0,0,0,0.0,0.0,0.0,0.0,0.0,0.0,0.0,0.0,0.0,0.0,0.0
144100057,000660,259000.0,2051919,0.0,259000.0,66.66666666666666,100.0,60.0,60.0,1.0,1.8254758533473434,0.0,0.0,0.0,0.0,0.0,0.0,0.0,0.0,0.0,0.0,0.0,0.0,0.0,0.0,0.0,0,0,0,0,0,0,0,0.0,0.0,0.0,0.0,0.0,0.0,0.0,0.0,0.0,0.0,0.0
144101315,000660,259000.0,2051929,0.0,259000.0,50.0,100.0,60.0,60.0,1.0,1.814763038454778,0.0,0.0,0.0,0.0,0.0,0.0,0.0,0.0,0.0,0.0,0.0,0.0,0.0,0.0,0.0,0,0,0,0,0,0,0,0.0,0.0,0.0,0.0,0.0,0.0,0.0,0.0,0.0,0.0,0.0
144101921,000660,259000.0,2051954,0.0,259000.0,50.0,100.0,60.0,60.0,1.0,1.8157915161477918,0.0,0.0,0.0,0.0,0.0,0.0,0.0,0.0,0.0,0.0,0.0,0.0,0.0,0.0,0.0,0,0,0,0,0,0,0,0.0,0.0,0.0,0.0,0.0,0.0,0.0,0.0,0.0,0.0,0.0
144102031,000660,259000.0,2052089,0.0,259000.0,50.0,100.0,60.0,60.0,1.0,1.900019414797491,0.0,0.0,0.0,0.0,0.0,0.0,0.0,0.0,0.0,0.0,0.0,0.0,0.0,0.0,0.0,0,0,0,0,0,0,0,0.0,0.0,0.0,0.0,0.0,0.0,0.0,0.0,0.0,0.0,0.0
144103516,000660,259000.0,2052091,0.0,259000.0,50.0,100.0,60.0,60.0,1.0,1.881474467817862,0.0,0.0,0.0,0.0,0.0,0.0,0.0,0.0,0.0,0.0,0.0,0.0,0.0,0.0,0.0,0,0,0,0,0,0,0,0.0,0.0,0.0,0.0,0.0,0.0,0.0,0.0,0.0,0.0,0.0
144103919,000660,258750.0,2052092,0.0,258950.0,33.33333333333333,99.92276501255068,55.00000000000001,58.333333333333336,1.0,1.8627558594838625,-2052092.0,0.0,0.0,-250.0,-0.09652509652509653,0.0,0.0,0.0,0.0,0.0,0.0,0.0,0.0,0.0,0.0,0,0,0,0,0,0,0,0.0,0.0,0.0,0.0,0.0,0.0,0.0,0.0,0.0,0.0,0.0
144104120,000660,259000.0,2052093,0.0,258950.0,66.66666666666666,100.01930874686234,60.0,58.333333333333336,1.0,1.8446061814342856,2052093.0,0.0,0.0,500.0,0.0,0.0,0.0,0.0,0.0,0.0,0.0,0.0,0.0,0.0,0.0,0,0,0,0,0,0,0,0.0,0.0,0.0,0.0,0.0,0.0,0.0,0.0,0.0,0.0,0.0
144104231,000660,259000.0,2052096,0.0,258950.0,66.66666666666666,100.01930874686234,60.0,58.333333333333336,1.0,1.8284777968053374,0.0,0.0,0.0,-250.0,0.0,0.0,0.0,0.0,0.0,0.0,0.0,0.0,0.0,0.0,0.0,0,0,0,0,0,0,0,0.0,0.0,0.0,0.0,0.0,0.0,0.0,0.0,0.0,0.0,0.0
144104916,000660,258750.0,2052100,0.0,258900.0,33.33333333333333,99.94206257242179,55.00000000000001,58.333333333333336,1.0,1.8135572836954894,-2052100.0,0.0,0.0,-250.0,-0.09652509652509653,0.0,0.0,0.0,0.0,0.0,0.0,0.0,0.0,0.0,0.0,0,0,0,0,0,0,0,0.0,0.0,0.0,0.0,0.0,0.0,0.0,0.0,0.0,0.0,0.0
144105431,000660,258750.0,2052101,0.0,258850.0,33.33333333333333,99.96136758740583,55.00000000000001,56.666666666666664,1.0,1.796866566142863,0.0,0.0,0.0,250.0,-0.09652509652509653,0.0,0.0,0.0,0.0,0.0,0.0,0.0,0.0,0.0,0.0,0,0,0,0,0,0,0,0.0,0.0,0.0,0.0,0.0,0.0,0.0,0.0,0.0,0.0,0.0
144105728,000660,259000.0,2052123,0.0,258900.0,50.0,100.0386249517188,60.0,56.666666666666664,1.0,1.795966000187573,2052123.0,0.0,0.0,250.0,0.0,0.0,0.0,0.0,0.0,0.0,0.0,0.0,0.0,0.0,0.0,0,0,0,0,0,0,0,0.0,0.0,0.0,0.0,0.0,0.0,0.0,0.0,0.0,0.0,0.0
144106429,000660,258750.0,2052124,0.0,258850.0,40.0,99.96136758740583,55.00000000000001,56.666666666666664,1.0,1.7798401613284087,-2052124.0,0.0,0.0,-500.0,0.0,0.0,0.0,0.0,0.0,0.0,0.0,0.0,0.0,0.0,0.0,0,0,0,0,0,0,0,0.0,0.0,0.0,0.0,0.0,0.0,0.0,0.0,0.0,0.0,0.0
144107533,000660,259000.0,2052132,0.0,258850.0,50.0,100.05794861889126,60.0,58.333333333333336,1.0,1.7692188373537867,2052132.0,0.0,0.0,500.0,0.0966183574879227,0.0,0.0,0.0,0.0,0.0,0.0,0.0,0.0,0.0,0.0,0,0,0,0,0,0,0,0.0,0.0,0.0,0.0,0.0,0.0,0.0,0.0,0.0,0.0,0.0
144107534,000660,259000.0,2052142,0.0,258900.0,50.0,100.0386249517188,60.0,58.333333333333336,1.0,1.7603249822011504,0.0,0.0,0.0,-250.0,0.0966183574879227,0.0,0.0,0.0,0.0,0.0,0.0,0.0,0.0,0.0,0.0,0,0,0,0,0,0,0,0.0,0.0,0.0,0.0,0.0,0.0,0.0,0.0,0.0,0.0,0.0
144107720,000660,259000.0,2052371,0.0,258950.0,50.0,100.01930874686234,60.0,60.0,1.0,1.9082207556687234,0.0,0.0,0.0,0.0,0.0966183574879227,0.0,0.0,0.0,0.0,0.0,0.0,0.0,0.0,0.0,0.0,0,0,0,0,0,0,0,0.0,0.0,0.0,0.0,0.0,0.0,0.0,0.0,0.0,0.0,0.0
144107828,000660,259000.0,2052712,0.0,258950.0,50.0,100.01930874686234,60.0,60.0,1.0,2.1301379469152564,0.0,0.0,0.0,0.0,0.0966183574879227,0.0,0.0,0.0,0.0,0.0,0.0,0.0,0.0,0.0,0.0,0,0,0,0,0,0,0,0.0,0.0,0.0,0.0,0.0,0.0,0.0,0.0,0.0,0.0,0.0
144111625,000660,259000.0,2052742,0.0,259000.0,50.0,100.0,60.0,60.0,1.0,2.125617678380778,0.0,0.0,0.0,0.0,0.0,0.0,0.0,0.0,0.0,0.0,0.0,0.0,0.0,0.0,0.0,0,0,0,0,0,0,0,0.0,0.0,0.0,0.0,0.0,0.0,0.0,0.0,0.0,0.0,0.0
144111734,000660,259000.0,2052748,0.0,259000.0,50.0,100.0,60.0,60.0,1.0,2.1045206862295953,0.0,0.0,0.0,0.0,0.0,0.0,0.0,0.0,0.0,0.0,0.0,0.0,0.0,0.0,0.0,0,0,0,0,0,0,0,0.0,0.0,0.0,0.0,0.0,0.0,0.0,0.0,0.0,0.0,0.0
144111919,000660,259000.0,2052750,0.0,259000.0,50.0,100.0,60.0,60.0,1.0,2.08138916603329,0.0,0.0,0.0,0.0,0.0,0.0,0.0,0.0,0.0,0.0,0.0,0.0,0.0,0.0,0.0,0,0,0,0,0,0,0,0.0,0.0,0.0,0.0,0.0,0.0,0.0,0.0,0.0,0.0,0.0
144113931,000660,259000.0,2052752,0.0,259000.0,60.0,100.0,60.0,60.0,1.0,2.0590447067940816,0.0,0.0,0.0,0.0,0.0,0.0,0.0,0.0,0.0,0.0,0.0,0.0,0.0,0.0,0.0,0,0,0,0,0,0,0,0.0,0.0,0.0,0.0,0.0,0.0,0.0,0.0,0.0,0.0,0.0
144114517,000660,258750.0,2052757,0.0,258950.0,40.0,99.92276501255068,55.00000000000001,58.333333333333336,1.0,2.039487447033936,-2052757.0,0.0,0.0,-250.0,-0.09652509652509653,0.0,0.0,0.0,0.0,0.0,0.0,0.0,0.0,0.0,0.0,0,0,0,0,0,0,0,0.0,0.0,0.0,0.0,0.0,0.0,0.0,0.0,0.0,0.0,0.0
144114518,000660,259000.0,2052758,0.0,258950.0,50.0,100.01930874686234,60.0,58.333333333333336,1.0,2.0178572388580625,2052758.0,0.0,0.0,500.0,0.0,0.0,0.0,0.0,0.0,0.0,0.0,0.0,0.0,0.0,0.0,0,0,0,0,0,0,0,0.0,0.0,0.0,0.0,0.0,0.0,0.0,0.0,0.0,0.0,0.0
144114924,000660,258750.0,2052759,0.0,258900.0,50.0,99.94206257242179,55.00000000000001,56.666666666666664,1.0,1.9969205655881075,-2052759.0,0.0,0.0,-500.0,-0.09652509652509653,0.0,0.0,0.0,0.0,0.0,0.0,0.0,0.0,0.0,0.0,0,0,0,0,0,0,0,0.0,0.0,0.0,0.0,0.0,0.0,0.0,0.0,0.0,0.0,0.0
144115032,000660,259000.0,2052760,0.0,258900.0,57.142857142857146,100.0386249517188,60.0,58.333333333333336,1.0,1.9766415177852614,2052760.0,0.0,0.0,500.0,0.0,0.0,0.0,0.0,0.0,0.0,0.0,0.0,0.0,0.0,0.0,0,0,0,0,0,0,0,0.0,0.0,0.0,0.0,0.0,0.0,0.0,0.0,0.0,0.0,0.0
144115717,000660,259000.0,2052822,0.0,258900.0,50.0,100.0386249517188,60.0,58.333333333333336,1.0,1.997529651580122,0.0,0.0,0.0,-250.0,0.0,0.0,0.0,0.0,0.0,0.0,0.0,0.0,0.0,0.0,0.0,0,0,0,0,0,0,0,0.0,0.0,0.0,0.0,0.0,0.0,0.0,0.0,0.0,0.0,0.0
144115922,000660,258750.0,2052823,0.0,258900.0,50.0,99.94206257242179,55.00000000000001,58.333333333333336,1.0,1.9774007373988658,-2052823.0,0.0,0.0,-250.0,-0.09652509652509653,0.0,0.0,0.0,0.0,0.0,0.0,0.0,0.0,0.0,0.0,0,0,0,0,0,0,0,0.0,0.0,0.0,0.0,0.0,0.0,0.0,0.0,0.0,0.0,0.0
144116125,000660,258750.0,2052825,0.0,258850.0,40.0,99.96136758740583,55.00000000000001,56.666666666666664,1.0,1.958543424964838,0.0,0.0,0.0,250.0,-0.09652509652509653,0.0,0.0,0.0,0.0,0.0,0.0,0.0,0.0,0.0,0.0,0,0,0,0,0,0,0,0.0,0.0,0.0,0.0,0.0,0.0,0.0,0.0,0.0,0.0,0.0
144116126,000660,258750.0,2052826,0.0,258850.0,40.0,99.96136758740583,55.00000000000001,55.00000000000001,1.0,1.9395970570866705,0.0,0.0,0.0,0.0,-0.09652509652509653,0.0,0.0,0.0,0.0,0.0,0.0,0.0,0.0,0.0,0.0,0,0,0,0,0,0,0,0.0,0.0,0.0,0.0,0.0,0.0,0.0,0.0,0.0,0.0,0.0
144116233,000660,258750.0,2052827,0.0,258800.0,40.0,99.9806800618238,55.00000000000001,55.00000000000001,1.0,1.9212077159275016,0.0,0.0,0.0,0.0,-0.09652509652509653,0.0,0.0,0.0,0.0,0.0,0.0,0.0,0.0,0.0,0.0,0,0,0,0,0,0,0,0.0,0.0,0.0,0.0,0.0,0.0,0.0,0.0,0.0,0.0,0.0
144116527,000660,259000.0,2052828,0.0,258800.0,50.0,100.0772797527048,60.0,56.666666666666664,1.0,1.9033489493487268,2052828.0,0.0,0.0,250.0,0.0,0.0,0.0,0.0,0.0,0.0,0.0,0.0,0.0,0.0,0.0,0,0,0,0,0,0,0,0.0,0.0,0.0,0.0,0.0,0.0,0.0,0.0,0.0,0.0,0.0
144116529,000660,259000.0,2052832,0.0,258850.0,50.0,100.05794861889126,60.0,58.333333333333336,1.0,1.8879253529622435,0.0,0.0,0.0,-250.0,0.0,0.0,0.0,0.0,0.0,0.0,0.0,0.0,0.0,0.0,0.0,0,0,0,0,0,0,0,0.0,0.0,0.0,0.0,0.0,0.0,0.0,0.0,0.0,0.0,0.0
144116529,000660,259000.0,2052834,0.0,258900.0,50.0,100.0386249517188,60.0,60.0,1.0,1.871649535033286,0.0,0.0,0.0,0.0,0.0,0.0,0.0,0.0,0.0,0.0,0.0,0.0,0.0,0.0,0.0,0,0,0,0,0,0,0,0.0,0.0,0.0,0.0,0.0,0.0,0.0,0.0,0.0,0.0,0.0
144116730,000660,259000.0,2052835,0.0,258950.0,50.0,100.01930874686234,60.0,60.0,1.0,1.8551819061093846,0.0,0.0,0.0,0.0,0.0,0.0,0.0,0.0,0.0,0.0,0.0,0.0,0.0,0.0,0.0,0,0,0,0,0,0,0,0.0,0.0,0.0,0.0,0.0,0.0,0.0,0.0,0.0,0.0,0.0
144116931,000660,259000.0,2052836,0.0,259000.0,50.0,100.0,60.0,60.0,1.0,1.8391574188703959,0.0,0.0,0.0,0.0,0.0966183574879227,0.0,0.0,0.0,0.0,0.0,0.0,0.0,0.0,0.0,0.0,0,0,0,0,0,0,0,0.0,0.0,0.0,0.0,0.0,0.0,0.0,0.0,0.0,0.0,0.0
144116932,000660,259000.0,2052856,0.0,259000.0,60.0,100.0,60.0,60.0,1.0,1.8355471247668076,0.0,0.0,0.0,0.0,0.0966183574879227,0.0,0.0,0.0,0.0,0.0,0.0,0.0,0.0,0.0,0.0,0,0,0,0,0,0,0,0.0,0.0,0.0,0.0,0.0,0.0,0.0,0.0,0.0,0.0,0.0
144116933,000660,259000.0,2052867,0.0,259000.0,50.0,100.0,60.0,60.0,1.0,1.8263700106464122,0.0,0.0,0.0,0.0,0.0966183574879227,0.0,0.0,0.0,0.0,0.0,0.0,0.0,0.0,0.0,0.0,0,0,0,0,0,0,0,0.0,0.0,0.0,0.0,0.0,0.0,0.0,0.0,0.0,0.0,0.0
144117228,000660,259000.0,2052880,0.0,259000.0,66.66666666666666,100.0,60.0,60.0,1.0,1.8186777710768396,0.0,0.0,0.0,0.0,0.0966183574879227,0.0,0.0,0.0,0.0,0.0,0.0,0.0,0.0,0.0,0.0,0,0,0,0,0,0,0,0.0,0.0,0.0,0.0,0.0,0.0,0.0,0.0,0.0,0.0,0.0
144118127,000660,259000.0,2052886,0.0,259000.0,50.0,100.0,60.0,60.0,1.0,1.8068213398390722,0.0,0.0,0.0,0.0,0.0,0.0,0.0,0.0,0.0,0.0,0.0,0.0,0.0,0.0,0.0,0,0,0,0,0,0,0,0.0,0.0,0.0,0.0,0.0,0.0,0.0,0.0,0.0,0.0,0.0
144119931,000660,259000.0,2052896,0.0,259000.0,50.0,100.0,60.0,60.0,1.0,1.7977435051721755,0.0,0.0,0.0,0.0,0.0,0.0,0.0,0.0,0.0,0.0,0.0,0.0,0.0,0.0,0.0,0,0,0,0,0,0,0,0.0,0.0,0.0,0.0,0.0,0.0,0.0,0.0,0.0,0.0,0.0
144120225,000660,258750.0,2052926,0.0,258950.0,50.0,99.92276501255068,55.00000000000001,58.333333333333336,1.0,1.8012335390752454,-2052926.0,0.0,0.0,-250.0,-0.09652509652509653,0.0,0.0,0.0,0.0,0.0,0.0,0.0,0.0,0.0,0.0,0,0,0,0,0,0,0,0.0,0.0,0.0,0.0,0.0,0.0,0.0,0.0,0.0,0.0,0.0
144120523,000660,259000.0,2052929,0.0,258950.0,66.66666666666666,100.01930874686234,60.0,58.333333333333336,1.0,1.7880379580551342,2052929.0,0.0,0.0,500.0,0.0,0.0,0.0,0.0,0.0,0.0,0.0,0.0,0.0,0.0,0.0,0,0,0,0,0,0,0,0.0,0.0,0.0,0.0,0.0,0.0,0.0,0.0,0.0,0.0,0.0
144120616,000660,259000.0,2052939,0.0,258950.0,66.66666666666666,100.01930874686234,60.0,58.333333333333336,1.0,1.7794512572123617,0.0,0.0,0.0,-250.0,0.0,0.0,0.0,0.0,0.0,0.0,0.0,0.0,0.0,0.0,0.0,0,0,0,0,0,0,0,0.0,0.0,0.0,0.0,0.0,0.0,0.0,0.0,0.0,0.0,0.0
144120728,000660,259000.0,2052957,0.0,258950.0,66.66666666666666,100.01930874686234,60.0,60.0,1.0,1.7759478415564087,0.0,0.0,0.0,0.0,0.0,0.0,0.0,0.0,0.0,0.0,0.0,0.0,0.0,0.0,0.0,0,0,0,0,0,0,0,0.0,0.0,0.0,0.0,0.0,0.0,0.0,0.0,0.0,0.0,0.0
144120821,000660,259000.0,2052958,0.0,258950.0,50.0,100.01930874686234,60.0,60.0,1.0,1.762208387232248,0.0,0.0,0.0,0.0,0.0,0.0,0.0,0.0,0.0,0.0,0.0,0.0,0.0,0.0,0.0,0,0,0,0,0,0,0,0.0,0.0,0.0,0.0,0.0,0.0,0.0,0.0,0.0,0.0,0.0
144120822,000660,259000.0,2052959,0.0,259000.0,50.0,100.0,60.0,60.0,1.0,1.7487967301760723,0.0,0.0,0.0,0.0,0.0,0.0,0.0,0.0,0.0,0.0,0.0,0.0,0.0,0.0,0.0,0,0,0,0,0,0,0,0.0,0.0,0.0,0.0,0.0,0.0,0.0,0.0,0.0,0.0,0.0
144120823,000660,259000.0,2052960,0.0,259000.0,50.0,100.0,60.0,60.0,1.0,1.7357002532951988,0.0,0.0,0.0,0.0,0.0,0.0,0.0,0.0,0.0,0.0,0.0,0.0,0.0,0.0,0.0,0,0,0,0,0,0,0,0.0,0.0,0.0,0.0,0.0,0.0,0.0,0.0,0.0,0.0,0.0
144121628,000660,259000.0,2052968,0.0,259000.0,50.0,100.0,60.0,60.0,1.0,1.727108556224999,0.0,0.0,0.0,0.0,0.0,0.0,0.0,0.0,0.0,0.0,0.0,0.0,0.0,0.0,0.0,0,0,0,0,0,0,0,0.0,0.0,0.0,0.0,0.0,0.0,0.0,0.0,0.0,0.0,0.0
144123526,000660,259000.0,2052969,0.0,259000.0,50.0,100.0,60.0,60.0,1.0,1.714527795392742,0.0,0.0,0.0,0.0,0.0,0.0,0.0,0.0,0.0,0.0,0.0,0.0,0.0,0.0,0.0,0,0,0,0,0,0,0,0.0,0.0,0.0,0.0,0.0,0.0,0.0,0.0,0.0,0.0,0.0
144124120,000660,258750.0,2052970,0.0,258950.0,33.33333333333333,99.92276501255068,55.00000000000001,58.333333333333336,1.0,1.7022309837994778,-2052970.0,0.0,0.0,-250.0,-0.09652509652509653,0.0,0.0,0.0,0.0,0.0,0.0,0.0,0.0,0.0,0.0,0,0,0,0,0,0,0,0.0,0.0,0.0,0.0,0.0,0.0,0.0,0.0,0.0,0.0,0.0
144124822,000660,259000.0,2053009,0.0,258950.0,50.0,100.01930874686234,60.0,58.333333333333336,1.0,1.7127735643064141,2053009.0,0.0,0.0,500.0,0.0,0.0,0.0,0.0,0.0,0.0,0.0,0.0,0.0,0.0,0.0,0,0,0,0,0,0,0,0.0,0.0,0.0,0.0,0.0,0.0,0.0,0.0,0.0,0.0,0.0
144125117,000660,259000.0,2053010,0.0,258950.0,50.0,100.01930874686234,60.0,58.333333333333336,1.0,1.7006025050545948,0.0,0.0,0.0,-250.0,0.0,0.0,0.0,0.0,0.0,0.0,0.0,0.0,0.0,0.0,0.0,0,0,0,0,0,0,0,0.0,0.0,0.0,0.0,0.0,0.0,0.0,0.0,0.0,0.0,0.0
144125929,000660,258750.0,2053011,0.0,258900.0,40.0,99.94206257242179,55.00000000000001,58.333333333333336,1.0,1.6886998506535371,-2053011.0,0.0,0.0,-250.0,-0.09652509652509653,0.0,0.0,0.0,0.0,0.0,0.0,0.0,0.0,0.0,0.0,0,0,0,0,0,0,0,0.0,0.0,0.0,0.0,0.0,0.0,0.0,0.0,0.0,0.0,0.0
144126022,000660,258750.0,2053021,0.0,258850.0,40.0,99.96136758740583,55.00000000000001,56.666666666666664,1.0,1.6823456042758496,0.0,0.0,0.0,250.0,-0.09652509652509653,0.0,0.0,0.0,0.0,0.0,0.0,0.0,0.0,0.0,0.0,0,0,0,0,0,0,0,0.0,0.0,0.0,0.0,0.0,0.0,0.0,0.0,0.0,0.0,0.0
144126426,000660,259000.0,2053182,0.0,258900.0,60.0,100.0386249517188,60.0,56.666666666666664,1.0,1.7645015162997963,2053182.0,0.0,0.0,250.0,0.0,0.0,0.0,0.0,0.0,0.0,0.0,0.0,0.0,0.0,0.0,0,0,0,0,0,0,0,0.0,0.0,0.0,0.0,0.0,0.0,0.0,0.0,0.0,0.0,0.0
144127620,000660,259000.0,2053219,0.0,258900.0,50.0,100.0386249517188,60.0,58.333333333333336,1.0,1.7725145112567682,0.0,0.0,0.0,-250.0,0.0,0.0,0.0,0.0,0.0,0.0,0.0,0.0,0.0,0.0,0.0,0,0,0,0,0,0,0,0.0,0.0,0.0,0.0,0.0,0.0,0.0,0.0,0.0,0.0,0.0
144127932,000660,258750.0,2053222,0.0,258850.0,40.0,99.96136758740583,55.00000000000001,58.333333333333336,1.0,1.7606143594502033,-2053222.0,0.0,0.0,-250.0,-0.09652509652509653,0.0,0.0,0.0,0.0,0.0,0.0,0.0,0.0,0.0,0.0,0,0,0,0,0,0,0,0.0,0.0,0.0,0.0,0.0,0.0,0.0,0.0,0.0,0.0,0.0
144127933,000660,258750.0,2053227,0.0,258850.0,40.0,99.96136758740583,55.00000000000001,56.666666666666664,1.0,1.750141009741093,0.0,0.0,0.0,250.0,-0.09652509652509653,0.0,0.0,0.0,0.0,0.0,0.0,0.0,0.0,0.0,0.0,0,0,0,0,0,0,0,0.0,0.0,0.0,0.0,0.0,0.0,0.0,0.0,0.0,0.0,0.0
144128025,000660,258750.0,2053230,0.0,258850.0,40.0,99.96136758740583,55.00000000000001,55.00000000000001,1.0,1.7387512731915762,0.0,0.0,0.0,0.0,-0.09652509652509653,0.0,0.0,0.0,0.0,0.0,0.0,0.0,0.0,0.0,0.0,0,0,0,0,0,0,0,0.0,0.0,0.0,0.0,0.0,0.0,0.0,0.0,0.0,0.0,0.0
144128225,000660,258750.0,2053540,0.0,258800.0,40.0,99.9806800618238,55.00000000000001,55.00000000000001,1.0,1.9034829710122732,0.0,0.0,0.0,0.0,-0.09652509652509653,0.0,0.0,0.0,0.0,0.0,0.0,0.0,0.0,0.0,0.0,0,0,0,0,0,0,0,0.0,0.0,0.0,0.0,0.0,0.0,0.0,0.0,0.0,0.0,0.0
144128318,000660,259000.0,2053699,0.0,258800.0,50.0,100.0772797527048,60.0,56.666666666666664,1.0,1.9778143956574876,2053699.0,0.0,0.0,250.0,0.0,0.0,0.0,0.0,0.0,0.0,0.0,0.0,0.0,0.0,0.0,0,0,0,0,0,0,0,0.0,0.0,0.0,0.0,0.0,0.0,0.0,0.0,0.0,0.0,0.0
144130521,000660,259000.0,2053726,0.0,258850.0,50.0,100.05794861889126,60.0,58.333333333333336,1.0,1.975391752120454,0.0,0.0,0.0,-250.0,0.0,0.0,0.0,0.0,0.0,0.0,0.0,0.0,0.0,0.0,0.0,0,0,0,0,0,0,0,0.0,0.0,0.0,0.0,0.0,0.0,0.0,0.0,0.0,0.0,0.0
144130814,000660,259000.0,2053850,0.0,258900.0,50.0,100.0386249517188,60.0,60.0,1.0,2.0275038688455704,0.0,0.0,0.0,0.0,0.0,0.0,0.0,0.0,0.0,0.0,0.0,0.0,0.0,0.0,0.0,0,0,0,0,0,0,0,0.0,0.0,0.0,0.0,0.0,0.0,0.0,0.0,0.0,0.0,0.0
144131633,000660,259000.0,2053855,0.0,258950.0,60.0,100.01930874686234,60.0,60.0,1.0,2.011580507229365,0.0,0.0,0.0,0.0,0.0,0.0,0.0,0.0,0.0,0.0,0.0,0.0,0.0,0.0,0.0,0,0,0,0,0,0,0,0.0,0.0,0.0,0.0,0.0,0.0,0.0,0.0,0.0,0.0,0.0
144132046,000660,258750.0,2053867,0.0,258950.0,40.0,99.92276501255068,55.00000000000001,58.333333333333336,1.0,1.999975045427961,-2053867.0,0.0,0.0,-250.0,-0.09652509652509653,0.0,0.0,0.0,0.0,0.0,0.0,0.0,0.0,0.0,0.0,0,0,0,0,0,0,0,0.0,0.0,0.0,0.0,0.0,0.0,0.0,0.0,0.0,0.0,0.0
144132048,000660,258750.0,2053883,0.0,258900.0,40.0,99.94206257242179,55.00000000000001,56.666666666666664,1.0,1.990880944375206,0.0,0.0,0.0,250.0,-0.09652509652509653,0.0,0.0,0.0,0.0,0.0,0.0,0.0,0.0,0.0,0.0,0,0,0,0,0,0,0,0.0,0.0,0.0,0.0,0.0,0.0,0.0,0.0,0.0,0.0,0.0
144132215,000660,259000.0,2053974,0.0,258900.0,60.0,100.0386249517188,60.0,56.666666666666664,1.0,2.0232290138199165,2053974.0,0.0,0.0,250.0,0.0,0.0,0.0,0.0,0.0,0.0,0.0,0.0,0.0,0.0,0.0,0,0,0,0,0,0,0,0.0,0.0,0.0,0.0,0.0,0.0,0.0,0.0,0.0,0.0,0.0
144132527,000660,259000.0,2053975,0.0,258900.0,60.0,100.0386249517188,60.0,58.333333333333336,1.0,2.0054266301838863,0.0,0.0,0.0,-250.0,0.0,0.0,0.0,0.0,0.0,0.0,0.0,0.0,0.0,0.0,0.0,0,0,0,0,0,0,0,0.0,0.0,0.0,0.0,0.0,0.0,0.0,0.0,0.0,0.0,0.0
144134020,000660,259000.0,2053977,0.0,258900.0,50.0,100.0386249517188,60.0,60.0,1.0,1.9886429568394746,0.0,0.0,0.0,0.0,0.0,0.0,0.0,0.0,0.0,0.0,0.0,0.0,0.0,0.0,0.0,0,0,0,0,0,0,0,0.0,0.0,0.0,0.0,0.0,0.0,0.0,0.0,0.0,0.0,0.0
144134022,000660,259000.0,2053978,0.0,258950.0,50.0,100.01930874686234,60.0,60.0,1.0,1.9717577973496632,0.0,0.0,0.0,0.0,0.0,0.0,0.0,0.0,0.0,0.0,0.0,0.0,0.0,0.0,0.0,0,0,0,0,0,0,0,0.0,0.0,0.0,0.0,0.0,0.0,0.0,0.0,0.0,0.0,0.0
144134022,000660,259000.0,2053979,0.0,259000.0,66.66666666666666,100.0,60.0,60.0,1.0,1.955308296357128,0.0,0.0,0.0,0.0,0.0,0.0,0.0,0.0,0.0,0.0,0.0,0.0,0.0,0.0,0.0,0,0,0,0,0,0,0,0.0,0.0,0.0,0.0,0.0,0.0,0.0,0.0,0.0,0.0,0.0
144134023,000660,259000.0,2053982,0.0,259000.0,66.66666666666666,100.0,60.0,60.0,1.0,1.9403480633823527,0.0,0.0,0.0,0.0,0.0,0.0,0.0,0.0,0.0,0.0,0.0,0.0,0.0,0.0,0.0,0,0,0,0,0,0,0,0.0,0.0,0.0,0.0,0.0,0.0,0.0,0.0,0.0,0.0,0.0
144134024,000660,259000.0,2053984,0.0,259000.0,66.66666666666666,100.0,60.0,60.0,1.0,1.9252268407156614,0.0,0.0,0.0,0.0,0.0,0.0,0.0,0.0,0.0,0.0,0.0,0.0,0.0,0.0,0.0,0,0,0,0,0,0,0,0.0,0.0,0.0,0.0,0.0,0.0,0.0,0.0,0.0,0.0,0.0
144134025,000660,259000.0,2053985,0.0,259000.0,66.66666666666666,100.0,60.0,60.0,1.0,1.909945917225282,0.0,0.0,0.0,0.0,0.0,0.0,0.0,0.0,0.0,0.0,0.0,0.0,0.0,0.0,0.0,0,0,0,0,0,0,0,0.0,0.0,0.0,0.0,0.0,0.0,0.0,0.0,0.0,0.0,0.0
144134127,000660,259000.0,2053986,0.0,259000.0,50.0,100.0,60.0,60.0,1.0,1.8950350466731778,0.0,0.0,0.0,0.0,0.0,0.0,0.0,0.0,0.0,0.0,0.0,0.0,0.0,0.0,0.0,0,0,0,0,0,0,0,0.0,0.0,0.0,0.0,0.0,0.0,0.0,0.0,0.0,0.0,0.0
144134329,000660,258750.0,2053987,0.0,258950.0,33.33333333333333,99.92276501255068,55.00000000000001,58.333333333333336,1.0,1.8804797092330898,-2053987.0,0.0,0.0,-250.0,-0.09652509652509653,0.0,0.0,0.0,0.0,0.0,0.0,0.0,0.0,0.0,0.0,0,0,0,0,0,0,0,0.0,0.0,0.0,0.0,0.0,0.0,0.0,0.0,0.0,0.0,0.0
144134621,000660,259000.0,2054247,0.0,258950.0,50.0,100.01930874686234,60.0,58.333333333333336,1.0,2.00189307508243,2054247.0,0.0,0.0,500.0,0.0,0.0,0.0,0.0,0.0,0.0,0.0,0.0,0.0,0.0,0.0,0,0,0,0,0,0,0,0.0,0.0,0.0,0.0,0.0,0.0,0.0,0.0,0.0,0.0,0.0
144134731,000660,258750.0,2054249,0.0,258900.0,40.0,99.94206257242179,55.00000000000001,56.666666666666664,1.0,1.9856945756974316,-2054249.0,0.0,0.0,-500.0,-0.09652509652509653,0.0,0.0,0.0,0.0,0.0,0.0,0.0,0.0,0.0,0.0,0,0,0,0,0,0,0,0.0,0.0,0.0,0.0,0.0,0.0,0.0,0.0,0.0,0.0,0.0
144134914,000660,258750.0,2054251,0.0,258850.0,50.0,99.96136758740583,55.00000000000001,56.666666666666664,1.0,1.969906257825179,0.0,0.0,0.0,250.0,-0.09652509652509653,0.0,0.0,0.0,0.0,0.0,0.0,0.0,0.0,0.0,0.0,0,0,0,0,0,0,0,0.0,0.0,0.0,0.0,0.0,0.0,0.0,0.0,0.0,0.0,0.0
144135318,000660,259000.0,2054257,0.0,258850.0,60.0,100.05794861889126,60.0,56.666666666666664,1.0,1.9565733584571539,2054257.0,0.0,0.0,250.0,0.0,0.0,0.0,0.0,0.0,0.0,0.0,0.0,0.0,0.0,0.0,0,0,0,0,0,0,0,0.0,0.0,0.0,0.0,0.0,0.0,0.0,0.0,0.0,0.0,0.0
144135831,000660,258750.0,2054258,0.0,258850.0,40.0,99.96136758740583,55.00000000000001,56.666666666666664,1.0,1.9409996906662428,-2054258.0,0.0,0.0,-500.0,0.0,0.0,0.0,0.0,0.0,0.0,0.0,0.0,0.0,0.0,0.0,0,0,0,0,0,0,0,0.0,0.0,0.0,0.0,0.0,0.0,0.0,0.0,0.0,0.0,0.0
144135926,000660,259000.0,2054263,0.0,258850.0,50.0,100.05794861889126,60.0,58.333333333333336,1.0,1.927846875868115,2054263.0,0.0,0.0,500.0,0.0966183574879227,0.0,0.0,0.0,0.0,0.0,0.0,0.0,0.0,0.0,0.0,0,0,0,0,0,0,0,0.0,0.0,0.0,0.0,0.0,0.0,0.0,0.0,0.0,0.0,0.0
144137122,000660,259000.0,2055378,0.0,258900.0,50.0,100.0386249517188,60.0,58.333333333333336,1.0,2.476085739401677,0.0,0.0,0.0,-250.0,0.0,0.0,0.0,0.0,0.0,0.0,0.0,0.0,0.0,0.0,0.0,0,0,0,0,0,0,0,0.0,0.0,0.0,0.0,0.0,0.0,0.0,0.0,0.0,0.0,0.0
144137215,000660,259000.0,2055562,0.0,258950.0,50.0,100.01930874686234,60.0,60.0,1.0,2.538032130174296,0.0,0.0,0.0,0.0,0.0,0.0,0.0,0.0,0.0,0.0,0.0,0.0,0.0,0.0,0.0,0,0,0,0,0,0,0,0.0,0.0,0.0,0.0,0.0,0.0,0.0,0.0,0.0,0.0,0.0
144138231,000660,258750.0,2055563,0.0,258900.0,42.857142857142854,99.94206257242179,55.00000000000001,58.333333333333336,1.0,2.507001211324063,-2055563.0,0.0,0.0,-250.0,-0.09652509652509653,0.0,0.0,0.0,0.0,0.0,0.0,0.0,0.0,0.0,0.0,0,0,0,0,0,0,0,0.0,0.0,0.0,0.0,0.0,0.0,0.0,0.0,0.0,0.0,0.0
144138232,000660,258750.0,2055568,0.0,258900.0,42.857142857142854,99.94206257242179,55.00000000000001,56.666666666666664,1.0,2.479050979653819,0.0,0.0,0.0,250.0,-0.09652509652509653,0.0,0.0,0.0,0.0,0.0,0.0,0.0,0.0,0.0,0.0,0,0,0,0,0,0,0,0.0,0.0,0.0,0.0,0.0,0.0,0.0,0.0,0.0,0.0,0.0
144138233,000660,258750.0,2055571,0.0,258850.0,42.857142857142854,99.96136758740583,55.00000000000001,55.00000000000001,1.0,2.4511131502852077,0.0,0.0,0.0,0.0,-0.09652509652509653,0.0,0.0,0.0,0.0,0.0,0.0,0.0,0.0,0.0,0.0,0,0,0,0,0,0,0,0.0,0.0,0.0,0.0,0.0,0.0,0.0,0.0,0.0,0.0,0.0
144138434,000660,258750.0,2055572,0.0,258800.0,42.857142857142854,99.9806800618238,55.00000000000001,55.00000000000001,1.0,2.4231780554492963,0.0,0.0,0.0,0.0,-0.09652509652509653,0.0,0.0,0.0,0.0,0.0,0.0,0.0,0.0,0.0,0.0,0,0,0,0,0,0,0,0.0,0.0,0.0,0.0,0.0,0.0,0.0,0.0,0.0,0.0,0.0
144138932,000660,259000.0,2055574,0.0,258800.0,50.0,100.0772797527048,60.0,56.666666666666664,1.0,2.3966680590907505,2055574.0,0.0,0.0,250.0,0.0,0.0,0.0,0.0,0.0,0.0,0.0,0.0,0.0,0.0,0.0,0,0,0,0,0,0,0,0.0,0.0,0.0,0.0,0.0,0.0,0.0,0.0,0.0,0.0,0.0
144139227,000660,259000.0,2055582,0.0,258850.0,57.142857142857146,100.05794861889126,60.0,58.333333333333336,1.0,2.373879303785476,0.0,0.0,0.0,-250.0,0.0,0.0,0.0,0.0,0.0,0.0,0.0,0.0,0.0,0.0,0.0,0,0,0,0,0,0,0,0.0,0.0,0.0,0.0,0.0,0.0,0.0,0.0,0.0,0.0,0.0
144139725,000660,258750.0,2055610,0.0,258850.0,42.857142857142854,99.96136758740583,55.00000000000001,58.333333333333336,1.0,2.3612267775879863,-2055610.0,0.0,0.0,-250.0,0.0,0.0,0.0,0.0,0.0,0.0,0.0,0.0,0.0,0.0,0.0,0,0,0,0,0,0,0,0.0,0.0,0.0,0.0,0.0,0.0,0.0,0.0,0.0,0.0,0.0
144139927,000660,258750.0,2055612,0.0,258850.0,50.0,99.96136758740583,55.00000000000001,56.666666666666664,1.0,2.3367852383249845,0.0,0.0,0.0,250.0,0.0,0.0,0.0,0.0,0.0,0.0,0.0,0.0,0.0,0.0,0.0,0,0,0,0,0,0,0,0.0,0.0,0.0,0.0,0.0,0.0,0.0,0.0,0.0,0.0,0.0
144140423,000660,258750.0,2055613,0.0,258850.0,50.0,99.96136758740583,55.00000000000001,55.00000000000001,1.0,2.312648182894019,0.0,0.0,0.0,0.0,-0.09652509652509653,0.0,0.0,0.0,0.0,0.0,0.0,0.0,0.0,0.0,0.0,0,0,0,0,0,0,0,0.0,0.0,0.0,0.0,0.0,0.0,0.0,0.0,0.0,0.0,0.0
144140424,000660,258750.0,2055616,0.0,258800.0,40.0,99.9806800618238,55.00000000000001,55.00000000000001,1.0,2.2901779181515067,0.0,0.0,0.0,0.0,-0.09652509652509653,0.0,0.0,0.0,0.0,0.0,0.0,0.0,0.0,0.0,0.0,0,0,0,0,0,0,0,0.0,0.0,0.0,0.0,0.0,0.0,0.0,0.0,0.0,0.0,0.0
144140625,000660,258750.0,2055632,0.0,258750.0,50.0,100.0,55.00000000000001,55.00000000000001,1.0,2.274336039072542,0.0,0.0,0.0,0.0,-0.09652509652509653,0.0,0.0,0.0,0.0,0.0,0.0,0.0,0.0,0.0,0.0,0,0,0,0,0,0,0,0.0,0.0,0.0,0.0,0.0,0.0,0.0,0.0,0.0,0.0,0.0
144141229,000660,259000.0,2055652,0.0,258800.0,50.0,100.0772797527048,60.0,56.666666666666664,1.0,2.26076196087804,2055652.0,0.0,0.0,250.0,0.0966183574879227,0.0,0.0,0.0,0.0,0.0,0.0,0.0,0.0,0.0,0.0,0,0,0,0,0,0,0,0.0,0.0,0.0,0.0,0.0,0.0,0.0,0.0,0.0,0.0,0.0
144141822,000660,259000.0,2055710,0.0,258850.0,50.0,100.05794861889126,60.0,58.333333333333336,1.0,2.2647256222912833,0.0,0.0,0.0,-250.0,0.0966183574879227,0.0,0.0,0.0,0.0,0.0,0.0,0.0,0.0,0.0,0.0,0,0,0,0,0,0,0,0.0,0.0,0.0,0.0,0.0,0.0,0.0,0.0,0.0,0.0,0.0
144142118,000660,259000.0,2056190,0.0,258900.0,50.0,100.0386249517188,60.0,60.0,1.0,2.457382386178158,0.0,0.0,0.0,0.0,0.0966183574879227,0.0,0.0,0.0,0.0,0.0,0.0,0.0,0.0,0.0,0.0,0,0,0,0,0,0,0,0.0,0.0,0.0,0.0,0.0,0.0,0.0,0.0,0.0,0.0,0.0
144142524,000660,259000.0,2056226,0.0,258950.0,66.66666666666666,100.01930874686234,60.0,60.0,1.0,2.4457303168856748,0.0,0.0,0.0,0.0,0.0,0.0,0.0,0.0,0.0,0.0,0.0,0.0,0.0,0.0,0.0,0,0,0,0,0,0,0,0.0,0.0,0.0,0.0,0.0,0.0,0.0,0.0,0.0,0.0,0.0
144143221,000660,258750.0,2056227,0.0,258950.0,50.0,99.92276501255068,55.00000000000001,58.333333333333336,1.0,2.4190000817334973,-2056227.0,0.0,0.0,-250.0,-0.09652509652509653,0.0,0.0,0.0,0.0,0.0,0.0,0.0,0.0,0.0,0.0,0,0,0,0,0,0,0,0.0,0.0,0.0,0.0,0.0,0.0,0.0,0.0,0.0,0.0,0.0
144145916,000660,259000.0,2056247,0.0,258950.0,60.0,100.01930874686234,60.0,58.333333333333336,1.0,2.4014353119380996,2056247.0,0.0,0.0,500.0,0.0966183574879227,0.0,0.0,0.0,0.0,0.0,0.0,0.0,0.0,0.0,0.0,0,0,0,0,0,0,0,0.0,0.0,0.0,0.0,0.0,0.0,0.0,0.0,0.0,0.0,0.0
144146724,000660,258750.0,2056286,0.0,258900.0,50.0,99.94206257242179,55.00000000000001,56.666666666666664,1.0,2.392630962862291,-2056286.0,0.0,0.0,-500.0,0.0,0.0,0.0,0.0,0.0,0.0,0.0,0.0,0.0,0.0,0.0,0,0,0,0,0,0,0,0.0,0.0,0.0,0.0,0.0,0.0,0.0,0.0,0.0,0.0,0.0
144146816,000660,259000.0,2056382,0.0,258900.0,50.0,100.0386249517188,60.0,58.333333333333336,1.0,2.4085441252316673,2056382.0,0.0,0.0,500.0,0.0966183574879227,0.0,0.0,0.0,0.0,0.0,0.0,0.0,0.0,0.0,0.0,0,0,0,0,0,0,0,0.0,0.0,0.0,0.0,0.0,0.0,0.0,0.0,0.0,0.0,0.0
144148014,000660,259000.0,2056387,0.0,258900.0,50.0,100.0386249517188,60.0,58.333333333333336,1.0,2.3849298796892535,0.0,0.0,0.0,-250.0,0.0,0.0,0.0,0.0,0.0,0.0,0.0,0.0,0.0,0.0,0.0,0,0,0,0,0,0,0,0.0,0.0,0.0,0.0,0.0,0.0,0.0,0.0,0.0,0.0,0.0
144148216,000660,259000.0,2056436,0.0,258950.0,60.0,100.01930874686234,60.0,60.0,1.0,2.380695675004051,0.0,0.0,0.0,0.0,0.0,0.0,0.0,0.0,0.0,0.0,0.0,0.0,0.0,0.0,0.0,0,0,0,0,0,0,0,0.0,0.0,0.0,0.0,0.0,0.0,0.0,0.0,0.0,0.0,0.0
144148529,000660,258750.0,2056439,0.0,258900.0,50.0,99.94206257242179,55.00000000000001,58.333333333333336,1.0,2.3571546064598174,-2056439.0,0.0,0.0,-250.0,-0.09652509652509653,0.0,0.0,0.0,0.0,0.0,0.0,0.0,0.0,0.0,0.0,0,0,0,0,0,0,0,0.0,0.0,0.0,0.0,0.0,0.0,0.0,0.0,0.0,0.0,0.0
144148531,000660,258750.0,2056440,0.0,258900.0,50.0,99.94206257242179,55.00000000000001,56.666666666666664,1.0,2.3334941999674403,0.0,0.0,0.0,250.0,-0.09652509652509653,0.0,0.0,0.0,0.0,0.0,0.0,0.0,0.0,0.0,0.0,0,0,0,0,0,0,0,0.0,0.0,0.0,0.0,0.0,0.0,0.0,0.0,0.0,0.0,0.0
144148622,000660,258750.0,2056478,0.0,258850.0,50.0,99.96136758740583,55.00000000000001,55.00000000000001,1.0,2.3259050548026132,0.0,0.0,0.0,0.0,-0.09652509652509653,0.0,0.0,0.0,0.0,0.0,0.0,0.0,0.0,0.0,0.0,0,0,0,0,0,0,0,0.0,0.0,0.0,0.0,0.0,0.0,0.0,0.0,0.0,0.0,0.0
144149317,000660,258750.0,2056516,0.0,258800.0,50.0,99.9806800618238,55.00000000000001,55.00000000000001,1.0,2.318482908322105,0.0,0.0,0.0,0.0,-0.09652509652509653,0.0,0.0,0.0,0.0,0.0,0.0,0.0,0.0,0.0,0.0,0,0,0,0,0,0,0,0.0,0.0,0.0,0.0,0.0,0.0,0.0,0.0,0.0,0.0,0.0
144150527,000660,259000.0,2056527,0.0,258800.0,50.0,100.0772797527048,60.0,56.666666666666664,1.0,2.300162959668019,2056527.0,0.0,0.0,250.0,0.0966183574879227,0.0,0.0,0.0,0.0,0.0,0.0,0.0,0.0,0.0,0.0,0,0,0,0,0,0,0,0.0,0.0,0.0,0.0,0.0,0.0,0.0,0.0,0.0,0.0,0.0
144150822,000660,259000.0,2056547,0.0,258850.0,50.0,100.05794861889126,60.0,58.333333333333336,1.0,2.2860235044321238,0.0,0.0,0.0,-250.0,0.0966183574879227,0.0,0.0,0.0,0.0,0.0,0.0,0.0,0.0,0.0,0.0,0,0,0,0,0,0,0,0.0,0.0,0.0,0.0,0.0,0.0,0.0,0.0,0.0,0.0,0.0
144150916,000660,259000.0,2056558,0.0,258900.0,50.0,100.0386249517188,60.0,60.0,1.0,2.268621696161333,0.0,0.0,0.0,0.0,0.0966183574879227,0.0,0.0,0.0,0.0,0.0,0.0,0.0,0.0,0.0,0.0,0,0,0,0,0,0,0,0.0,0.0,0.0,0.0,0.0,0.0,0.0,0.0,0.0,0.0,0.0
144152222,000660,258750.0,2056563,0.0,258900.0,42.857142857142854,99.94206257242179,55.00000000000001,58.333333333333336,1.0,2.2492845105044013,-2056563.0,0.0,0.0,-250.0,-0.09652509652509653,0.0,0.0,0.0,0.0,0.0,0.0,0.0,0.0,0.0,0.0,0,0,0,0,0,0,0,0.0,0.0,0.0,0.0,0.0,0.0,0.0,0.0,0.0,0.0,0.0
144154520,000660,259000.0,2056570,0.0,258950.0,57.142857142857146,100.01930874686234,60.0,58.333333333333336,1.0,2.231277295421373,2056570.0,0.0,0.0,500.0,0.0966183574879227,0.0,0.0,0.0,0.0,0.0,0.0,0.0,0.0,0.0,0.0,0,0,0,0,0,0,0,0.0,0.0,0.0,0.0,0.0,0.0,0.0,0.0,0.0,0.0,0.0
144154627,000660,259000.0,2056575,0.0,258950.0,50.0,100.01930874686234,60.0,58.333333333333336,1.0,2.212958755147994,0.0,0.0,0.0,-250.0,0.0966183574879227,0.0,0.0,0.0,0.0,0.0,0.0,0.0,0.0,0.0,0.0,0,0,0,0,0,0,0,0.0,0.0,0.0,0.0,0.0,0.0,0.0,0.0,0.0,0.0,0.0
144154628,000660,259000.0,2056577,0.0,258950.0,60.0,100.01930874686234,60.0,60.0,1.0,2.1939410477030665,0.0,0.0,0.0,0.0,0.0966183574879227,0.0,0.0,0.0,0.0,0.0,0.0,0.0,0.0,0.0,0.0,0,0,0,0,0,0,0,0.0,0.0,0.0,0.0,0.0,0.0,0.0,0.0,0.0,0.0,0.0
144154629,000660,259000.0,2056578,0.0,258950.0,50.0,100.01930874686234,60.0,60.0,1.0,2.175030224802015,0.0,0.0,0.0,0.0,0.0966183574879227,0.0,0.0,0.0,0.0,0.0,0.0,0.0,0.0,0.0,0.0,0,0,0,0,0,0,0,0.0,0.0,0.0,0.0,0.0,0.0,0.0,0.0,0.0,0.0,0.0
144154630,000660,259000.0,2056583,0.0,259000.0,50.0,100.0,60.0,60.0,1.0,2.1581729143223383,0.0,0.0,0.0,0.0,0.0966183574879227,0.0,0.0,0.0,0.0,0.0,0.0,0.0,0.0,0.0,0.0,0,0,0,0,0,0,0,0.0,0.0,0.0,0.0,0.0,0.0,0.0,0.0,0.0,0.0,0.0
144154630,000660,259000.0,2056584,0.0,259000.0,50.0,100.0,60.0,60.0,1.0,2.1401859239994905,0.0,0.0,0.0,0.0,0.0966183574879227,0.0,0.0,0.0,0.0,0.0,0.0,0.0,0.0,0.0,0.0,0,0,0,0,0,0,0,0.0,0.0,0.0,0.0,0.0,0.0,0.0,0.0,0.0,0.0,0.0
144154631,000660,259000.0,2056602,0.0,259000.0,66.66666666666666,100.0,60.0,60.0,1.0,2.1292273924485734,0.0,0.0,0.0,0.0,0.0966183574879227,0.0,0.0,0.0,0.0,0.0,0.0,0.0,0.0,0.0,0.0,0,0,0,0,0,0,0,0.0,0.0,0.0,0.0,0.0,0.0,0.0,0.0,0.0,0.0,0.0
144154632,000660,259000.0,2056606,0.0,259000.0,66.66666666666666,100.0,60.0,60.0,1.0,2.1131366038423405,0.0,0.0,0.0,0.0,0.0966183574879227,0.0,0.0,0.0,0.0,0.0,0.0,0.0,0.0,0.0,0.0,0,0,0,0,0,0,0,0.0,0.0,0.0,0.0,0.0,0.0,0.0,0.0,0.0,0.0,0.0
144154632,000660,259000.0,2056611,0.0,259000.0,66.66666666666666,100.0,60.0,60.0,1.0,2.097819313578309,0.0,0.0,0.0,0.0,0.0966183574879227,0.0,0.0,0.0,0.0,0.0,0.0,0.0,0.0,0.0,0.0,0,0,0,0,0,0,0,0.0,0.0,0.0,0.0,0.0,0.0,0.0,0.0,0.0,0.0,0.0
144154633,000660,259000.0,2056618,0.0,259000.0,66.66666666666666,100.0,60.0,60.0,1.0,2.0836298707006873,0.0,0.0,0.0,0.0,0.0966183574879227,0.0,0.0,0.0,0.0,0.0,0.0,0.0,0.0,0.0,0.0,0,0,0,0,0,0,0,0.0,0.0,0.0,0.0,0.0,0.0,0.0,0.0,0.0,0.0,0.0
144154633,000660,259000.0,2056630,0.0,259000.0,50.0,100.0,60.0,60.0,1.0,2.0716695960503304,0.0,0.0,0.0,0.0,0.0966183574879227,0.0,0.0,0.0,0.0,0.0,0.0,0.0,0.0,0.0,0.0,0,0,0,0,0,0,0,0.0,0.0,0.0,0.0,0.0,0.0,0.0,0.0,0.0,0.0,0.0
144154634,000660,259000.0,2056658,0.0,259000.0,50.0,100.0,60.0,60.0,1.0,2.0660229440998603,0.0,0.0,0.0,0.0,0.0966183574879227,0.0,0.0,0.0,0.0,0.0,0.0,0.0,0.0,0.0,0.0,0,0,0,0,0,0,0,0.0,0.0,0.0,0.0,0.0,0.0,0.0,0.0,0.0,0.0,0.0
144154635,000660,259000.0,2056663,0.0,259000.0,50.0,100.0,60.0,60.0,1.0,2.051845297856186,0.0,0.0,0.0,0.0,0.0966183574879227,0.0,0.0,0.0,0.0,0.0,0.0,0.0,0.0,0.0,0.0,0,0,0,0,0,0,0,0.0,0.0,0.0,0.0,0.0,0.0,0.0,0.0,0.0,0.0,0.0
144154635,000660,259000.0,2056666,0.0,259000.0,100.0,100.0,60.0,60.0,1.0,2.037242208057642,0.0,0.0,0.0,0.0,0.0966183574879227,0.0,0.0,0.0,0.0,0.0,0.0,0.0,0.0,0.0,0.0,0,0,0,0,0,0,0,0.0,0.0,0.0,0.0,0.0,0.0,0.0,0.0,0.0,0.0,0.0
144154636,000660,259000.0,2056667,0.0,259000.0,100.0,100.0,60.0,60.0,1.0,2.0222233481260528,0.0,0.0,0.0,0.0,0.0966183574879227,0.0,0.0,0.0,0.0,0.0,0.0,0.0,0.0,0.0,0.0,0,0,0,0,0,0,0,0.0,0.0,0.0,0.0,0.0,0.0,0.0,0.0,0.0,0.0,0.0
144154637,000660,259000.0,2056672,0.0,259000.0,100.0,100.0,60.0,60.0,1.0,2.0090228899249465,0.0,0.0,0.0,0.0,0.0966183574879227,0.0,0.0,0.0,0.0,0.0,0.0,0.0,0.0,0.0,0.0,0,0,0,0,0,0,0,0.0,0.0,0.0,0.0,0.0,0.0,0.0,0.0,0.0,0.0,0.0
144154637,000660,259000.0,2056681,0.0,259000.0,100.0,100.0,60.0,60.0,1.0,1.9975879100112044,0.0,0.0,0.0,0.0,0.0966183574879227,0.0,0.0,0.0,0.0,0.0,0.0,0.0,0.0,0.0,0.0,0,0,0,0,0,0,0,0.0,0.0,0.0,0.0,0.0,0.0,0.0,0.0,0.0,0.0,0.0
144156519,000660,259000.0,2056683,0.0,259000.0,100.0,100.0,60.0,60.0,1.0,1.9838230607763023,0.0,0.0,0.0,0.0,0.0,0.0,0.0,0.0,0.0,0.0,0.0,0.0,0.0,0.0,0.0,0,0,0,0,0,0,0,0.0,0.0,0.0,0.0,0.0,0.0,0.0,0.0,0.0,0.0,0.0
144156521,000660,259000.0,2056719,0.0,259000.0,100.0,100.0,60.0,60.0,1.0,1.9828050307018992,0.0,0.0,0.0,0.0,0.0,0.0,0.0,0.0,0.0,0.0,0.0,0.0,0.0,0.0,0.0,0,0,0,0,0,0,0,0.0,0.0,0.0,0.0,0.0,0.0,0.0,0.0,0.0,0.0,0.0
144157218,000660,258750.0,2057219,0.0,258950.0,0.0,99.92276501255068,55.00000000000001,58.333333333333336,1.0,2.1507258664342213,-2057219.0,0.0,0.0,-250.0,-0.09652509652509653,0.0,0.0,0.0,0.0,0.0,0.0,0.0,0.0,0.0,0.0,0,0,0,0,0,0,0,0.0,0.0,0.0,0.0,0.0,0.0,0.0,0.0,0.0,0.0,0.0
144157219,000660,259000.0,2057403,0.0,258950.0,50.0,100.01930874686234,60.0,58.333333333333336,1.0,2.1998161179109714,2057403.0,0.0,0.0,500.0,0.0,0.0,0.0,0.0,0.0,0.0,0.0,0.0,0.0,0.0,0.0,0,0,0,0,0,0,0,0.0,0.0,0.0,0.0,0.0,0.0,0.0,0.0,0.0,0.0,0.0
144157827,000660,259000.0,2057406,0.0,258950.0,50.0,100.01930874686234,60.0,58.333333333333336,1.0,2.1824583251632026,0.0,0.0,0.0,-250.0,0.0,0.0,0.0,0.0,0.0,0.0,0.0,0.0,0.0,0.0,0.0,0,0,0,0,0,0,0,0.0,0.0,0.0,0.0,0.0,0.0,0.0,0.0,0.0,0.0,0.0
144158320,000660,259000.0,2057453,0.0,258950.0,50.0,100.01930874686234,60.0,60.0,1.0,2.18125623429387,0.0,0.0,0.0,0.0,0.0,0.0,0.0,0.0,0.0,0.0,0.0,0.0,0.0,0.0,0.0,0,0,0,0,0,0,0,0.0,0.0,0.0,0.0,0.0,0.0,0.0,0.0,0.0,0.0,0.0
